accession	file_name	file_size_bytes	checksum	file_category	ftp_url	aspera_url
PXD030304	ProCan-DepMapSanger_DIANN_output.tsv	237709444633	b444cdbd50a44d61596fcfe212e7ab57300fc27b	SEARCH	ftp://ftp.pride.ebi.ac.uk/pride/data/archive/2022/07/PXD030304/ProCan-DepMapSanger_DIANN_output.tsv	prd_ascp@fasp.ebi.ac.uk:pride/data/archive/2022/07/PXD030304/ProCan-DepMapSanger_DIANN_output.tsv
PXD030304	191012.zip	44438918316	193926f462cdd0fcaed4b5a8a47ebf0d9adff258	RAW	ftp://ftp.pride.ebi.ac.uk/pride/data/archive/2022/07/PXD030304/191012.zip	prd_ascp@fasp.ebi.ac.uk:pride/data/archive/2022/07/PXD030304/191012.zip
PXD030304	191020.zip	41292961393	f43518132be4f2608771f66130d4a01bc3469042	RAW	ftp://ftp.pride.ebi.ac.uk/pride/data/archive/2022/07/PXD030304/191020.zip	prd_ascp@fasp.ebi.ac.uk:pride/data/archive/2022/07/PXD030304/191020.zip
PXD030304	191022.zip	41038007600	ea5dc0e69917d3dff36448e4fdaea5cedd764f5e	RAW	ftp://ftp.pride.ebi.ac.uk/pride/data/archive/2022/07/PXD030304/191022.zip	prd_ascp@fasp.ebi.ac.uk:pride/data/archive/2022/07/PXD030304/191022.zip
PXD030304	190115.zip	39027752054	5543055cbb777f33ffad5b666763a3d26ef05326	RAW	ftp://ftp.pride.ebi.ac.uk/pride/data/archive/2022/07/PXD030304/190115.zip	prd_ascp@fasp.ebi.ac.uk:pride/data/archive/2022/07/PXD030304/190115.zip
PXD030304	191026.zip	38312579392	f4365794f9c89a1c850ad0479fb00ce6c401f64c	RAW	ftp://ftp.pride.ebi.ac.uk/pride/data/archive/2022/07/PXD030304/191026.zip	prd_ascp@fasp.ebi.ac.uk:pride/data/archive/2022/07/PXD030304/191026.zip
PXD030304	191024.zip	37555705655	3f05c821bab28b56d2915969f31910083df35a72	RAW	ftp://ftp.pride.ebi.ac.uk/pride/data/archive/2022/07/PXD030304/191024.zip	prd_ascp@fasp.ebi.ac.uk:pride/data/archive/2022/07/PXD030304/191024.zip
PXD030304	181228.zip	36854862828	0b03894d1e10d32162a8701637e3b1f83c7cb718	RAW	ftp://ftp.pride.ebi.ac.uk/pride/data/archive/2022/07/PXD030304/181228.zip	prd_ascp@fasp.ebi.ac.uk:pride/data/archive/2022/07/PXD030304/181228.zip
PXD030304	191029.zip	35177510626	c29976fe6df99fcaef0f0378fdae2f0c8af809a4	RAW	ftp://ftp.pride.ebi.ac.uk/pride/data/archive/2022/07/PXD030304/191029.zip	prd_ascp@fasp.ebi.ac.uk:pride/data/archive/2022/07/PXD030304/191029.zip
PXD030304	190926.zip	34341651274	61e46b5781743028fbf8796a6182e65989f2a181	RAW	ftp://ftp.pride.ebi.ac.uk/pride/data/archive/2022/07/PXD030304/190926.zip	prd_ascp@fasp.ebi.ac.uk:pride/data/archive/2022/07/PXD030304/190926.zip
PXD030304	191028.zip	32907726332	a723e4dfcda8d82b97b0cad75d6e1baf70d92ce1	RAW	ftp://ftp.pride.ebi.ac.uk/pride/data/archive/2022/07/PXD030304/191028.zip	prd_ascp@fasp.ebi.ac.uk:pride/data/archive/2022/07/PXD030304/191028.zip
PXD030304	191128.zip	32805809375	0f10b183c3ec6d5eb895f003a4389cb8b8a7a232	RAW	ftp://ftp.pride.ebi.ac.uk/pride/data/archive/2022/07/PXD030304/191128.zip	prd_ascp@fasp.ebi.ac.uk:pride/data/archive/2022/07/PXD030304/191128.zip
PXD030304	191021.zip	32694335124	abf6ac62bcefa6dabc1bbb993e4665cebadab67d	RAW	ftp://ftp.pride.ebi.ac.uk/pride/data/archive/2022/07/PXD030304/191021.zip	prd_ascp@fasp.ebi.ac.uk:pride/data/archive/2022/07/PXD030304/191021.zip
PXD030304	181213.zip	31207389999	045203d9327a0428cd806d22fc563b9ea17cb9e5	RAW	ftp://ftp.pride.ebi.ac.uk/pride/data/archive/2022/07/PXD030304/181213.zip	prd_ascp@fasp.ebi.ac.uk:pride/data/archive/2022/07/PXD030304/181213.zip
PXD030304	191011.zip	30678566804	3c553aa3fd96697766440d2d391195557819fdfe	RAW	ftp://ftp.pride.ebi.ac.uk/pride/data/archive/2022/07/PXD030304/191011.zip	prd_ascp@fasp.ebi.ac.uk:pride/data/archive/2022/07/PXD030304/191011.zip
PXD030304	180914.zip	30605557245	4f405f55e36598f79e4b371dc841d8c8033ade7b	RAW	ftp://ftp.pride.ebi.ac.uk/pride/data/archive/2022/07/PXD030304/180914.zip	prd_ascp@fasp.ebi.ac.uk:pride/data/archive/2022/07/PXD030304/180914.zip
PXD030304	191016.zip	29402491295	64fe81801c78e89f5c4bba996f30b841a3053f00	RAW	ftp://ftp.pride.ebi.ac.uk/pride/data/archive/2022/07/PXD030304/191016.zip	prd_ascp@fasp.ebi.ac.uk:pride/data/archive/2022/07/PXD030304/191016.zip
PXD030304	191015.zip	28803292548	3516d0edb25692be1c1b426158d9ffa157c78707	RAW	ftp://ftp.pride.ebi.ac.uk/pride/data/archive/2022/07/PXD030304/191015.zip	prd_ascp@fasp.ebi.ac.uk:pride/data/archive/2022/07/PXD030304/191015.zip
PXD030304	180921.zip	28541332420	70879b1a7832c44141ebe782926053ce9773cb42	RAW	ftp://ftp.pride.ebi.ac.uk/pride/data/archive/2022/07/PXD030304/180921.zip	prd_ascp@fasp.ebi.ac.uk:pride/data/archive/2022/07/PXD030304/180921.zip
PXD030304	191019.zip	28407577285	de2e7a329e95106047f2f0c6c9918c87ec1e2e61	RAW	ftp://ftp.pride.ebi.ac.uk/pride/data/archive/2022/07/PXD030304/191019.zip	prd_ascp@fasp.ebi.ac.uk:pride/data/archive/2022/07/PXD030304/191019.zip
PXD030304	190916.zip	28133613907	33291110e03b0bf5e09a05aeeaa9bf20b47cb162	RAW	ftp://ftp.pride.ebi.ac.uk/pride/data/archive/2022/07/PXD030304/190916.zip	prd_ascp@fasp.ebi.ac.uk:pride/data/archive/2022/07/PXD030304/190916.zip
PXD030304	191130.zip	27892370429	085b108cf67ec1019bff35aae125d3cbf031aa3d	RAW	ftp://ftp.pride.ebi.ac.uk/pride/data/archive/2022/07/PXD030304/191130.zip	prd_ascp@fasp.ebi.ac.uk:pride/data/archive/2022/07/PXD030304/191130.zip
PXD030304	190923.zip	27884213062	dac06a841e8392f6cc4d4ed731abbe79ead763fc	RAW	ftp://ftp.pride.ebi.ac.uk/pride/data/archive/2022/07/PXD030304/190923.zip	prd_ascp@fasp.ebi.ac.uk:pride/data/archive/2022/07/PXD030304/190923.zip
PXD030304	190131.zip	27684321767	c998a8d45cc1c5016c920e61557d6ff3adedc6f1	RAW	ftp://ftp.pride.ebi.ac.uk/pride/data/archive/2022/07/PXD030304/190131.zip	prd_ascp@fasp.ebi.ac.uk:pride/data/archive/2022/07/PXD030304/190131.zip
PXD030304	191203.zip	26836926409	3542ac3f7c5eb56374dfd2c4fd9b204236d775c8	RAW	ftp://ftp.pride.ebi.ac.uk/pride/data/archive/2022/07/PXD030304/191203.zip	prd_ascp@fasp.ebi.ac.uk:pride/data/archive/2022/07/PXD030304/191203.zip
PXD030304	190510.zip	26633382064	be7734635133a0d5226fb7cae8af8d16a2d2ba61	RAW	ftp://ftp.pride.ebi.ac.uk/pride/data/archive/2022/07/PXD030304/190510.zip	prd_ascp@fasp.ebi.ac.uk:pride/data/archive/2022/07/PXD030304/190510.zip
PXD030304	191126.zip	26016549915	b17e519fc5510a0b2c6801b34f3f8e89688f0212	RAW	ftp://ftp.pride.ebi.ac.uk/pride/data/archive/2022/07/PXD030304/191126.zip	prd_ascp@fasp.ebi.ac.uk:pride/data/archive/2022/07/PXD030304/191126.zip
PXD030304	190204.zip	25749099570	95e79083d9121377eab2c3d1f08052dc831f0365	RAW	ftp://ftp.pride.ebi.ac.uk/pride/data/archive/2022/07/PXD030304/190204.zip	prd_ascp@fasp.ebi.ac.uk:pride/data/archive/2022/07/PXD030304/190204.zip
PXD030304	190929.zip	25702549507	a6b435a9ae2d7e79d30b7c1ab1153fd71c152a46	RAW	ftp://ftp.pride.ebi.ac.uk/pride/data/archive/2022/07/PXD030304/190929.zip	prd_ascp@fasp.ebi.ac.uk:pride/data/archive/2022/07/PXD030304/190929.zip
PXD030304	180907.zip	25576374591	430d119f07b0e5a1ac804d00be663c6286d30c5f	RAW	ftp://ftp.pride.ebi.ac.uk/pride/data/archive/2022/07/PXD030304/180907.zip	prd_ascp@fasp.ebi.ac.uk:pride/data/archive/2022/07/PXD030304/180907.zip
PXD030304	191025.zip	25497728184	4ad517ecbfab4e0f67388c25ad89ecb644f2f122	RAW	ftp://ftp.pride.ebi.ac.uk/pride/data/archive/2022/07/PXD030304/191025.zip	prd_ascp@fasp.ebi.ac.uk:pride/data/archive/2022/07/PXD030304/191025.zip
PXD030304	190618.zip	25485717024	d75c92d2bde8095df299e26fc724d206cf0c4033	RAW	ftp://ftp.pride.ebi.ac.uk/pride/data/archive/2022/07/PXD030304/190618.zip	prd_ascp@fasp.ebi.ac.uk:pride/data/archive/2022/07/PXD030304/190618.zip
PXD030304	190927.zip	25447616275	ccfed79b068051169fdb9916f268fe85710c2c25	RAW	ftp://ftp.pride.ebi.ac.uk/pride/data/archive/2022/07/PXD030304/190927.zip	prd_ascp@fasp.ebi.ac.uk:pride/data/archive/2022/07/PXD030304/190927.zip
PXD030304	191017.zip	24834702038	a0459bf11d5f053cb8644de935377e3ffa381f33	RAW	ftp://ftp.pride.ebi.ac.uk/pride/data/archive/2022/07/PXD030304/191017.zip	prd_ascp@fasp.ebi.ac.uk:pride/data/archive/2022/07/PXD030304/191017.zip
PXD030304	191122.zip	24231511124	2981ce1c0bec6cfb40218c03deb1f9911f064920	RAW	ftp://ftp.pride.ebi.ac.uk/pride/data/archive/2022/07/PXD030304/191122.zip	prd_ascp@fasp.ebi.ac.uk:pride/data/archive/2022/07/PXD030304/191122.zip
PXD030304	200118.zip	23987783276	108368dbdfd861ab211d2457953d25e296105c10	RAW	ftp://ftp.pride.ebi.ac.uk/pride/data/archive/2022/07/PXD030304/200118.zip	prd_ascp@fasp.ebi.ac.uk:pride/data/archive/2022/07/PXD030304/200118.zip
PXD030304	190620.zip	23694718477	835867361ddc28e1da4283291772f2603f346d42	RAW	ftp://ftp.pride.ebi.ac.uk/pride/data/archive/2022/07/PXD030304/190620.zip	prd_ascp@fasp.ebi.ac.uk:pride/data/archive/2022/07/PXD030304/190620.zip
PXD030304	181127.zip	23020197304	efde4ac88cc2f5b245fda6b08280bcde74c2d872	RAW	ftp://ftp.pride.ebi.ac.uk/pride/data/archive/2022/07/PXD030304/181127.zip	prd_ascp@fasp.ebi.ac.uk:pride/data/archive/2022/07/PXD030304/181127.zip
PXD030304	190629.zip	22826121932	b1f6fdb54376040e01a73d429830972ba2653187	RAW	ftp://ftp.pride.ebi.ac.uk/pride/data/archive/2022/07/PXD030304/190629.zip	prd_ascp@fasp.ebi.ac.uk:pride/data/archive/2022/07/PXD030304/190629.zip
PXD030304	191008.zip	22749918628	61914ab033a262de6a6158d4d90eaca62d5b1683	RAW	ftp://ftp.pride.ebi.ac.uk/pride/data/archive/2022/07/PXD030304/191008.zip	prd_ascp@fasp.ebi.ac.uk:pride/data/archive/2022/07/PXD030304/191008.zip
PXD030304	190831.zip	22523673724	8c4ad4b83c89da4e5c4b725f0fe3f62897cc7d37	RAW	ftp://ftp.pride.ebi.ac.uk/pride/data/archive/2022/07/PXD030304/190831.zip	prd_ascp@fasp.ebi.ac.uk:pride/data/archive/2022/07/PXD030304/190831.zip
PXD030304	190726.zip	22391156864	4e7248eea30ef8484de1740863252bbfa3b7c78e	RAW	ftp://ftp.pride.ebi.ac.uk/pride/data/archive/2022/07/PXD030304/190726.zip	prd_ascp@fasp.ebi.ac.uk:pride/data/archive/2022/07/PXD030304/190726.zip
PXD030304	181210.zip	22305431278	7d93702d6faec95c86c860bdb567280dee73c2ac	RAW	ftp://ftp.pride.ebi.ac.uk/pride/data/archive/2022/07/PXD030304/181210.zip	prd_ascp@fasp.ebi.ac.uk:pride/data/archive/2022/07/PXD030304/181210.zip
PXD030304	191113.zip	22144972743	8fd1e7a6b3dacc9c1d50babad44555e7b2c844a7	RAW	ftp://ftp.pride.ebi.ac.uk/pride/data/archive/2022/07/PXD030304/191113.zip	prd_ascp@fasp.ebi.ac.uk:pride/data/archive/2022/07/PXD030304/191113.zip
PXD030304	191102.zip	21753737099	a37522665f217ee49a6f38f454a836e32af0b5e6	RAW	ftp://ftp.pride.ebi.ac.uk/pride/data/archive/2022/07/PXD030304/191102.zip	prd_ascp@fasp.ebi.ac.uk:pride/data/archive/2022/07/PXD030304/191102.zip
PXD030304	200124.zip	21619449158	21f110c6ff1b48765d0ce26c0d503906ad2b0d98	RAW	ftp://ftp.pride.ebi.ac.uk/pride/data/archive/2022/07/PXD030304/200124.zip	prd_ascp@fasp.ebi.ac.uk:pride/data/archive/2022/07/PXD030304/200124.zip
PXD030304	181211.zip	21540740407	544da86c24d8eaa3116daa4346e386298ad89287	RAW	ftp://ftp.pride.ebi.ac.uk/pride/data/archive/2022/07/PXD030304/181211.zip	prd_ascp@fasp.ebi.ac.uk:pride/data/archive/2022/07/PXD030304/181211.zip
PXD030304	190830.zip	21423457413	0f8839e295a0adb6d6a13c6b0f0452310729b61c	RAW	ftp://ftp.pride.ebi.ac.uk/pride/data/archive/2022/07/PXD030304/190830.zip	prd_ascp@fasp.ebi.ac.uk:pride/data/archive/2022/07/PXD030304/190830.zip
PXD030304	181025.zip	21275983657	04ea08a2b72a1e1f4462b6623339ee6106e450e0	RAW	ftp://ftp.pride.ebi.ac.uk/pride/data/archive/2022/07/PXD030304/181025.zip	prd_ascp@fasp.ebi.ac.uk:pride/data/archive/2022/07/PXD030304/181025.zip
PXD030304	191014.zip	21233505250	d509be3d42b74511434fa310930db96ccaa69e92	RAW	ftp://ftp.pride.ebi.ac.uk/pride/data/archive/2022/07/PXD030304/191014.zip	prd_ascp@fasp.ebi.ac.uk:pride/data/archive/2022/07/PXD030304/191014.zip
PXD030304	190701.zip	21219671505	6b84b4dfdd52378b6de274a03ca3c89f60c59cae	RAW	ftp://ftp.pride.ebi.ac.uk/pride/data/archive/2022/07/PXD030304/190701.zip	prd_ascp@fasp.ebi.ac.uk:pride/data/archive/2022/07/PXD030304/190701.zip
PXD030304	191129.zip	20764248102	00ec0be3ce8552b11be6605b84da6884ef85004b	RAW	ftp://ftp.pride.ebi.ac.uk/pride/data/archive/2022/07/PXD030304/191129.zip	prd_ascp@fasp.ebi.ac.uk:pride/data/archive/2022/07/PXD030304/191129.zip
PXD030304	191202.zip	20736410907	d9453c6624d9962ea4920cea3a3b62ef69d127d2	RAW	ftp://ftp.pride.ebi.ac.uk/pride/data/archive/2022/07/PXD030304/191202.zip	prd_ascp@fasp.ebi.ac.uk:pride/data/archive/2022/07/PXD030304/191202.zip
PXD030304	191119.zip	20633004660	1be8982c68b8b6f2545aa9a2d96ffc896fd9e951	RAW	ftp://ftp.pride.ebi.ac.uk/pride/data/archive/2022/07/PXD030304/191119.zip	prd_ascp@fasp.ebi.ac.uk:pride/data/archive/2022/07/PXD030304/191119.zip
PXD030304	191201.zip	20420479745	5887c9f8683135d2fcc9834499df1ed995047c30	RAW	ftp://ftp.pride.ebi.ac.uk/pride/data/archive/2022/07/PXD030304/191201.zip	prd_ascp@fasp.ebi.ac.uk:pride/data/archive/2022/07/PXD030304/191201.zip
PXD030304	181231.zip	20121925039	9859b804219b483125b1688589c2740c65ae69e6	RAW	ftp://ftp.pride.ebi.ac.uk/pride/data/archive/2022/07/PXD030304/181231.zip	prd_ascp@fasp.ebi.ac.uk:pride/data/archive/2022/07/PXD030304/181231.zip
PXD030304	181225.zip	20088892212	62f30013706722f1a813653ac2e1d04ae80bf905	RAW	ftp://ftp.pride.ebi.ac.uk/pride/data/archive/2022/07/PXD030304/181225.zip	prd_ascp@fasp.ebi.ac.uk:pride/data/archive/2022/07/PXD030304/181225.zip
PXD030304	191018.zip	19974445471	7fc11e284127f899c019e6fa1c984d84007b9a8b	RAW	ftp://ftp.pride.ebi.ac.uk/pride/data/archive/2022/07/PXD030304/191018.zip	prd_ascp@fasp.ebi.ac.uk:pride/data/archive/2022/07/PXD030304/191018.zip
PXD030304	200130.zip	19398814750	c8826f98b53895f938837e4f0ce5428251e3abd3	RAW	ftp://ftp.pride.ebi.ac.uk/pride/data/archive/2022/07/PXD030304/200130.zip	prd_ascp@fasp.ebi.ac.uk:pride/data/archive/2022/07/PXD030304/200130.zip
PXD030304	190811.zip	19374310353	d62524ba053e21371e56070857fbb2438598e890	RAW	ftp://ftp.pride.ebi.ac.uk/pride/data/archive/2022/07/PXD030304/190811.zip	prd_ascp@fasp.ebi.ac.uk:pride/data/archive/2022/07/PXD030304/190811.zip
PXD030304	191004.zip	19223719527	91490af12dc2b3ffc90499160a85c781d76bb71b	RAW	ftp://ftp.pride.ebi.ac.uk/pride/data/archive/2022/07/PXD030304/191004.zip	prd_ascp@fasp.ebi.ac.uk:pride/data/archive/2022/07/PXD030304/191004.zip
PXD030304	191101.zip	19118816716	e9e4fb3a69d3c6c82f01ead6a7a06fa16d3e3d67	RAW	ftp://ftp.pride.ebi.ac.uk/pride/data/archive/2022/07/PXD030304/191101.zip	prd_ascp@fasp.ebi.ac.uk:pride/data/archive/2022/07/PXD030304/191101.zip
PXD030304	190206.zip	18770742355	05ece569809674f84a7c5aace1ee408c7abb86d6	RAW	ftp://ftp.pride.ebi.ac.uk/pride/data/archive/2022/07/PXD030304/190206.zip	prd_ascp@fasp.ebi.ac.uk:pride/data/archive/2022/07/PXD030304/190206.zip
PXD030304	181031.zip	18745947151	b256ba8545efa875999f519fa6f506ab0aaae522	RAW	ftp://ftp.pride.ebi.ac.uk/pride/data/archive/2022/07/PXD030304/181031.zip	prd_ascp@fasp.ebi.ac.uk:pride/data/archive/2022/07/PXD030304/181031.zip
PXD030304	190902.zip	18521423321	7fb9088ed12c4d335b16ad00285f8954f44377e7	RAW	ftp://ftp.pride.ebi.ac.uk/pride/data/archive/2022/07/PXD030304/190902.zip	prd_ascp@fasp.ebi.ac.uk:pride/data/archive/2022/07/PXD030304/190902.zip
PXD030304	180329.zip	18460555984	2ef3601fc6e5b5fe090218f71e3776cf11398854	RAW	ftp://ftp.pride.ebi.ac.uk/pride/data/archive/2022/07/PXD030304/180329.zip	prd_ascp@fasp.ebi.ac.uk:pride/data/archive/2022/07/PXD030304/180329.zip
PXD030304	191110.zip	18446094732	1765982109691e7a8707cb5294570a696f6f4819	RAW	ftp://ftp.pride.ebi.ac.uk/pride/data/archive/2022/07/PXD030304/191110.zip	prd_ascp@fasp.ebi.ac.uk:pride/data/archive/2022/07/PXD030304/191110.zip
PXD030304	190124.zip	18400031714	a571f07e4645a8eac22f1c4ab41e06a0294a0cf6	RAW	ftp://ftp.pride.ebi.ac.uk/pride/data/archive/2022/07/PXD030304/190124.zip	prd_ascp@fasp.ebi.ac.uk:pride/data/archive/2022/07/PXD030304/190124.zip
PXD030304	190517.zip	18201297803	43697abdd4e2699e5a32061bde924eb740a07577	RAW	ftp://ftp.pride.ebi.ac.uk/pride/data/archive/2022/07/PXD030304/190517.zip	prd_ascp@fasp.ebi.ac.uk:pride/data/archive/2022/07/PXD030304/190517.zip
PXD030304	191005.zip	18071242946	a95218c0fa830d7dde70bc8faec9d1a13772198b	RAW	ftp://ftp.pride.ebi.ac.uk/pride/data/archive/2022/07/PXD030304/191005.zip	prd_ascp@fasp.ebi.ac.uk:pride/data/archive/2022/07/PXD030304/191005.zip
PXD030304	181004.zip	17966412220	077168ac20a201d21f3928dd53669ed1089a1532	RAW	ftp://ftp.pride.ebi.ac.uk/pride/data/archive/2022/07/PXD030304/181004.zip	prd_ascp@fasp.ebi.ac.uk:pride/data/archive/2022/07/PXD030304/181004.zip
PXD030304	190129.zip	17798155139	8ce942320e6a90832ee57a6057469f57c84013f6	RAW	ftp://ftp.pride.ebi.ac.uk/pride/data/archive/2022/07/PXD030304/190129.zip	prd_ascp@fasp.ebi.ac.uk:pride/data/archive/2022/07/PXD030304/190129.zip
PXD030304	190702.zip	17746293807	3daf18b4bc384f294f34ac3cca7abcc786e02d36	RAW	ftp://ftp.pride.ebi.ac.uk/pride/data/archive/2022/07/PXD030304/190702.zip	prd_ascp@fasp.ebi.ac.uk:pride/data/archive/2022/07/PXD030304/190702.zip
PXD030304	190905.zip	17660539735	c1639d24d05ee53cc0f05fe7d1a2ef0a1c96b76b	RAW	ftp://ftp.pride.ebi.ac.uk/pride/data/archive/2022/07/PXD030304/190905.zip	prd_ascp@fasp.ebi.ac.uk:pride/data/archive/2022/07/PXD030304/190905.zip
PXD030304	191109.zip	17610520904	c49af0c44d0759791fcafd8e2ad7a24a357d8cbd	RAW	ftp://ftp.pride.ebi.ac.uk/pride/data/archive/2022/07/PXD030304/191109.zip	prd_ascp@fasp.ebi.ac.uk:pride/data/archive/2022/07/PXD030304/191109.zip
PXD030304	191103.zip	17475169491	8663a0e01192b38f6f35edae1a547b62f5b5fcca	RAW	ftp://ftp.pride.ebi.ac.uk/pride/data/archive/2022/07/PXD030304/191103.zip	prd_ascp@fasp.ebi.ac.uk:pride/data/archive/2022/07/PXD030304/191103.zip
PXD030304	190730.zip	17469937829	1dddf234df60407d59c61fc91c5fbbd36cc05317	RAW	ftp://ftp.pride.ebi.ac.uk/pride/data/archive/2022/07/PXD030304/190730.zip	prd_ascp@fasp.ebi.ac.uk:pride/data/archive/2022/07/PXD030304/190730.zip
PXD030304	191003.zip	17414128176	c80b4896076b9f8725013189346aa0de41551080	RAW	ftp://ftp.pride.ebi.ac.uk/pride/data/archive/2022/07/PXD030304/191003.zip	prd_ascp@fasp.ebi.ac.uk:pride/data/archive/2022/07/PXD030304/191003.zip
PXD030304	190925.zip	17365913923	438fe682274bbf3d810d0a3072065a4d1d1ab2d0	RAW	ftp://ftp.pride.ebi.ac.uk/pride/data/archive/2022/07/PXD030304/190925.zip	prd_ascp@fasp.ebi.ac.uk:pride/data/archive/2022/07/PXD030304/190925.zip
PXD030304	181216.zip	17292252472	e20a0e40781de5dd597f5a6c2b941c33bd09eb29	RAW	ftp://ftp.pride.ebi.ac.uk/pride/data/archive/2022/07/PXD030304/181216.zip	prd_ascp@fasp.ebi.ac.uk:pride/data/archive/2022/07/PXD030304/181216.zip
PXD030304	190712.zip	17091242629	efb64d2cc2c6ff8d6e96fd701829bb530ce0850a	RAW	ftp://ftp.pride.ebi.ac.uk/pride/data/archive/2022/07/PXD030304/190712.zip	prd_ascp@fasp.ebi.ac.uk:pride/data/archive/2022/07/PXD030304/190712.zip
PXD030304	190907.zip	17048059013	02081466a6bc28cec80aed3290b28731758ce713	RAW	ftp://ftp.pride.ebi.ac.uk/pride/data/archive/2022/07/PXD030304/190907.zip	prd_ascp@fasp.ebi.ac.uk:pride/data/archive/2022/07/PXD030304/190907.zip
PXD030304	181007.zip	16742660633	8f94b970dd64b4fe9a0d1545d94757659352c77f	RAW	ftp://ftp.pride.ebi.ac.uk/pride/data/archive/2022/07/PXD030304/181007.zip	prd_ascp@fasp.ebi.ac.uk:pride/data/archive/2022/07/PXD030304/181007.zip
PXD030304	191120.zip	16702086311	41e0b546968e3e199ecc38d1ea6ab45485835e25	RAW	ftp://ftp.pride.ebi.ac.uk/pride/data/archive/2022/07/PXD030304/191120.zip	prd_ascp@fasp.ebi.ac.uk:pride/data/archive/2022/07/PXD030304/191120.zip
PXD030304	191006.zip	16681015387	a9c57852ef0da4c37c5fd817651a7bdeb4bb5619	RAW	ftp://ftp.pride.ebi.ac.uk/pride/data/archive/2022/07/PXD030304/191006.zip	prd_ascp@fasp.ebi.ac.uk:pride/data/archive/2022/07/PXD030304/191006.zip
PXD030304	180822.zip	16437001714	0f6e4561bf0ee07a5813c251ac8cff19a2b6ae48	RAW	ftp://ftp.pride.ebi.ac.uk/pride/data/archive/2022/07/PXD030304/180822.zip	prd_ascp@fasp.ebi.ac.uk:pride/data/archive/2022/07/PXD030304/180822.zip
PXD030304	190208.zip	16433435456	8239418140385c70c22a5efc04ee5ca5d5b94ca9	RAW	ftp://ftp.pride.ebi.ac.uk/pride/data/archive/2022/07/PXD030304/190208.zip	prd_ascp@fasp.ebi.ac.uk:pride/data/archive/2022/07/PXD030304/190208.zip
PXD030304	180917.zip	16374646878	41c82e87123a083a9425077e781e612e481c603a	RAW	ftp://ftp.pride.ebi.ac.uk/pride/data/archive/2022/07/PXD030304/180917.zip	prd_ascp@fasp.ebi.ac.uk:pride/data/archive/2022/07/PXD030304/180917.zip
PXD030304	191125.zip	16249705020	3a5ae281661cfb54a82fa0ed1997035d962cd9e3	RAW	ftp://ftp.pride.ebi.ac.uk/pride/data/archive/2022/07/PXD030304/191125.zip	prd_ascp@fasp.ebi.ac.uk:pride/data/archive/2022/07/PXD030304/191125.zip
PXD030304	191010.zip	15999282243	d91351f75f16a57d809897032424297ea2a61973	RAW	ftp://ftp.pride.ebi.ac.uk/pride/data/archive/2022/07/PXD030304/191010.zip	prd_ascp@fasp.ebi.ac.uk:pride/data/archive/2022/07/PXD030304/191010.zip
PXD030304	190111.zip	15866109779	75afd510c38affcffe20fe2f38689e1f5546d373	RAW	ftp://ftp.pride.ebi.ac.uk/pride/data/archive/2022/07/PXD030304/190111.zip	prd_ascp@fasp.ebi.ac.uk:pride/data/archive/2022/07/PXD030304/190111.zip
PXD030304	180912.zip	15843734723	5c9390426a2dbaccd5222c914bd14f006c03c14d	RAW	ftp://ftp.pride.ebi.ac.uk/pride/data/archive/2022/07/PXD030304/180912.zip	prd_ascp@fasp.ebi.ac.uk:pride/data/archive/2022/07/PXD030304/180912.zip
PXD030304	190716.zip	15804926735	64b03b351367404ba142d9c14db83e8a9281c474	RAW	ftp://ftp.pride.ebi.ac.uk/pride/data/archive/2022/07/PXD030304/190716.zip	prd_ascp@fasp.ebi.ac.uk:pride/data/archive/2022/07/PXD030304/190716.zip
PXD030304	191114.zip	15575941853	007a038454545240ff2b7a4f8a7591df7e22e086	RAW	ftp://ftp.pride.ebi.ac.uk/pride/data/archive/2022/07/PXD030304/191114.zip	prd_ascp@fasp.ebi.ac.uk:pride/data/archive/2022/07/PXD030304/191114.zip
PXD030304	181220.zip	15563198210	cc004b4d75225642b1b96f905bc6aca889a0e384	RAW	ftp://ftp.pride.ebi.ac.uk/pride/data/archive/2022/07/PXD030304/181220.zip	prd_ascp@fasp.ebi.ac.uk:pride/data/archive/2022/07/PXD030304/181220.zip
PXD030304	181102.zip	15486293710	295ddc5276050b368062b041d6e8dde06ae94773	RAW	ftp://ftp.pride.ebi.ac.uk/pride/data/archive/2022/07/PXD030304/181102.zip	prd_ascp@fasp.ebi.ac.uk:pride/data/archive/2022/07/PXD030304/181102.zip
PXD030304	190619.zip	15300381527	b866baaec8758ccdb3d66261a1d98363e1487d90	RAW	ftp://ftp.pride.ebi.ac.uk/pride/data/archive/2022/07/PXD030304/190619.zip	prd_ascp@fasp.ebi.ac.uk:pride/data/archive/2022/07/PXD030304/190619.zip
PXD030304	190613.zip	15220846576	9ab6eaffb8e2d61318bc89e2da6f13bbb7e2d645	RAW	ftp://ftp.pride.ebi.ac.uk/pride/data/archive/2022/07/PXD030304/190613.zip	prd_ascp@fasp.ebi.ac.uk:pride/data/archive/2022/07/PXD030304/190613.zip
PXD030304	181219.zip	15140760160	b42048ebdd6109d00f2db40d51e509e1d942fffb	RAW	ftp://ftp.pride.ebi.ac.uk/pride/data/archive/2022/07/PXD030304/181219.zip	prd_ascp@fasp.ebi.ac.uk:pride/data/archive/2022/07/PXD030304/181219.zip
PXD030304	190513.zip	15077043442	1024609e962125d4e626664bdd42dd5375bb47bc	RAW	ftp://ftp.pride.ebi.ac.uk/pride/data/archive/2022/07/PXD030304/190513.zip	prd_ascp@fasp.ebi.ac.uk:pride/data/archive/2022/07/PXD030304/190513.zip
PXD030304	190713.zip	15053539359	bc893946ebabaafa3da8b5046bfca2c4f4ec0d73	RAW	ftp://ftp.pride.ebi.ac.uk/pride/data/archive/2022/07/PXD030304/190713.zip	prd_ascp@fasp.ebi.ac.uk:pride/data/archive/2022/07/PXD030304/190713.zip
PXD030304	191001.zip	14879729467	a538588b082e23d7d9570595f3a1e0df9b80f1e9	RAW	ftp://ftp.pride.ebi.ac.uk/pride/data/archive/2022/07/PXD030304/191001.zip	prd_ascp@fasp.ebi.ac.uk:pride/data/archive/2022/07/PXD030304/191001.zip
PXD030304	200125.zip	14666233510	148e915874b686de89b2cb3c0c451bd28b474b7e	RAW	ftp://ftp.pride.ebi.ac.uk/pride/data/archive/2022/07/PXD030304/200125.zip	prd_ascp@fasp.ebi.ac.uk:pride/data/archive/2022/07/PXD030304/200125.zip
PXD030304	181010.zip	14662033398	02ed63c36d712fc1b4334688ad43581615449db1	RAW	ftp://ftp.pride.ebi.ac.uk/pride/data/archive/2022/07/PXD030304/181010.zip	prd_ascp@fasp.ebi.ac.uk:pride/data/archive/2022/07/PXD030304/181010.zip
PXD030304	190928.zip	14530194947	cd095fc31c242433c493ec4a9a802fc38f0f277a	RAW	ftp://ftp.pride.ebi.ac.uk/pride/data/archive/2022/07/PXD030304/190928.zip	prd_ascp@fasp.ebi.ac.uk:pride/data/archive/2022/07/PXD030304/190928.zip
PXD030304	181227.zip	14477678956	0b5fe796b9f369443e50ba57689969db8b8c22f0	RAW	ftp://ftp.pride.ebi.ac.uk/pride/data/archive/2022/07/PXD030304/181227.zip	prd_ascp@fasp.ebi.ac.uk:pride/data/archive/2022/07/PXD030304/181227.zip
PXD030304	190622.zip	14383371758	c6aef4abb00cdf43668004021a45a6b4a545f48e	RAW	ftp://ftp.pride.ebi.ac.uk/pride/data/archive/2022/07/PXD030304/190622.zip	prd_ascp@fasp.ebi.ac.uk:pride/data/archive/2022/07/PXD030304/190622.zip
PXD030304	181023.zip	14227347417	2cde378578b85fa3cb32032da6e1da320265825d	RAW	ftp://ftp.pride.ebi.ac.uk/pride/data/archive/2022/07/PXD030304/181023.zip	prd_ascp@fasp.ebi.ac.uk:pride/data/archive/2022/07/PXD030304/181023.zip
PXD030304	190723.zip	14194168939	7e20e06207b2a327e6d697aef5d2c7b6f311023b	RAW	ftp://ftp.pride.ebi.ac.uk/pride/data/archive/2022/07/PXD030304/190723.zip	prd_ascp@fasp.ebi.ac.uk:pride/data/archive/2022/07/PXD030304/190723.zip
PXD030304	181221.zip	14161431364	c7bd370261295feb4f208ef30481c69f23fd1997	RAW	ftp://ftp.pride.ebi.ac.uk/pride/data/archive/2022/07/PXD030304/181221.zip	prd_ascp@fasp.ebi.ac.uk:pride/data/archive/2022/07/PXD030304/181221.zip
PXD030304	190705.zip	14105691967	aed9f1b4dd890c6e02528df48b838cbf8c88e5eb	RAW	ftp://ftp.pride.ebi.ac.uk/pride/data/archive/2022/07/PXD030304/190705.zip	prd_ascp@fasp.ebi.ac.uk:pride/data/archive/2022/07/PXD030304/190705.zip
PXD030304	191117.zip	14032503913	e62e84f002eead50e122c5b64f53ef67fe9e781c	RAW	ftp://ftp.pride.ebi.ac.uk/pride/data/archive/2022/07/PXD030304/191117.zip	prd_ascp@fasp.ebi.ac.uk:pride/data/archive/2022/07/PXD030304/191117.zip
PXD030304	190509.zip	13941271868	6a3b0fb186a26167a82f50881ce2d9ee4bc912d3	RAW	ftp://ftp.pride.ebi.ac.uk/pride/data/archive/2022/07/PXD030304/190509.zip	prd_ascp@fasp.ebi.ac.uk:pride/data/archive/2022/07/PXD030304/190509.zip
PXD030304	191106.zip	13727507247	89a18cd02362cbcf254504362835a80090254ef3	RAW	ftp://ftp.pride.ebi.ac.uk/pride/data/archive/2022/07/PXD030304/191106.zip	prd_ascp@fasp.ebi.ac.uk:pride/data/archive/2022/07/PXD030304/191106.zip
PXD030304	190524.zip	13567859832	9d2e90902a65f16599b7456ad12f3199e826f549	RAW	ftp://ftp.pride.ebi.ac.uk/pride/data/archive/2022/07/PXD030304/190524.zip	prd_ascp@fasp.ebi.ac.uk:pride/data/archive/2022/07/PXD030304/190524.zip
PXD030304	190719.zip	13280172520	4d3458d69e9f8bfc465a3561bbb90bb4f7d92140	RAW	ftp://ftp.pride.ebi.ac.uk/pride/data/archive/2022/07/PXD030304/190719.zip	prd_ascp@fasp.ebi.ac.uk:pride/data/archive/2022/07/PXD030304/190719.zip
PXD030304	191206.zip	13249885954	e51573abe0a56614667349382a4cca8e219a0a8d	RAW	ftp://ftp.pride.ebi.ac.uk/pride/data/archive/2022/07/PXD030304/191206.zip	prd_ascp@fasp.ebi.ac.uk:pride/data/archive/2022/07/PXD030304/191206.zip
PXD030304	191116.zip	13249779610	5312e08914cc413c225e4bc6065e59d6f3034fb9	RAW	ftp://ftp.pride.ebi.ac.uk/pride/data/archive/2022/07/PXD030304/191116.zip	prd_ascp@fasp.ebi.ac.uk:pride/data/archive/2022/07/PXD030304/191116.zip
PXD030304	190621.zip	13205526488	a8e22d75a7f5bbcc657f68f074c46ad1e4a90ada	RAW	ftp://ftp.pride.ebi.ac.uk/pride/data/archive/2022/07/PXD030304/190621.zip	prd_ascp@fasp.ebi.ac.uk:pride/data/archive/2022/07/PXD030304/190621.zip
PXD030304	191111.zip	13132326178	12ff795f651dcc7c7e7b77e9be9af3a02be17bd4	RAW	ftp://ftp.pride.ebi.ac.uk/pride/data/archive/2022/07/PXD030304/191111.zip	prd_ascp@fasp.ebi.ac.uk:pride/data/archive/2022/07/PXD030304/191111.zip
PXD030304	191112.zip	13119089122	9a0790e88ed934ac0b891a05582c0cbbd7dd9ced	RAW	ftp://ftp.pride.ebi.ac.uk/pride/data/archive/2022/07/PXD030304/191112.zip	prd_ascp@fasp.ebi.ac.uk:pride/data/archive/2022/07/PXD030304/191112.zip
PXD030304	190924.zip	13105123829	8132ac6a0b7bd7dfcfde459cf1a12fff9f6dc8d0	RAW	ftp://ftp.pride.ebi.ac.uk/pride/data/archive/2022/07/PXD030304/190924.zip	prd_ascp@fasp.ebi.ac.uk:pride/data/archive/2022/07/PXD030304/190924.zip
PXD030304	190522.zip	12895125803	fd3cdbe60ac5ff6fb546bc63ac3bb5994a277991	RAW	ftp://ftp.pride.ebi.ac.uk/pride/data/archive/2022/07/PXD030304/190522.zip	prd_ascp@fasp.ebi.ac.uk:pride/data/archive/2022/07/PXD030304/190522.zip
PXD030304	200110.zip	12682516530	8375019f1891a423e6d3552c0b1a3494be07499e	RAW	ftp://ftp.pride.ebi.ac.uk/pride/data/archive/2022/07/PXD030304/200110.zip	prd_ascp@fasp.ebi.ac.uk:pride/data/archive/2022/07/PXD030304/200110.zip
PXD030304	191030.zip	12526798885	5fae702943fe3c97fe6eecfa9a17fc4293b06fc5	RAW	ftp://ftp.pride.ebi.ac.uk/pride/data/archive/2022/07/PXD030304/191030.zip	prd_ascp@fasp.ebi.ac.uk:pride/data/archive/2022/07/PXD030304/191030.zip
PXD030304	200128.zip	12516360040	124be6ee0b7f5760793617914f8e4adaa92398b8	RAW	ftp://ftp.pride.ebi.ac.uk/pride/data/archive/2022/07/PXD030304/200128.zip	prd_ascp@fasp.ebi.ac.uk:pride/data/archive/2022/07/PXD030304/200128.zip
PXD030304	191031.zip	12488911257	6e0499abd3c94181f94f5fa0a88cd1ccbe62033d	RAW	ftp://ftp.pride.ebi.ac.uk/pride/data/archive/2022/07/PXD030304/191031.zip	prd_ascp@fasp.ebi.ac.uk:pride/data/archive/2022/07/PXD030304/191031.zip
PXD030304	180824.zip	12453567544	3e7c1d1f7970a7aa255817a8d56b2ed9ddae3316	RAW	ftp://ftp.pride.ebi.ac.uk/pride/data/archive/2022/07/PXD030304/180824.zip	prd_ascp@fasp.ebi.ac.uk:pride/data/archive/2022/07/PXD030304/180824.zip
PXD030304	190628.zip	12277344866	bfbf132aefc0c30b880496c65915d869fb6c8af6	RAW	ftp://ftp.pride.ebi.ac.uk/pride/data/archive/2022/07/PXD030304/190628.zip	prd_ascp@fasp.ebi.ac.uk:pride/data/archive/2022/07/PXD030304/190628.zip
PXD030304	190920.zip	12232915597	84bb86a6f5ae6277f73af8c6033205cde9f01d7c	RAW	ftp://ftp.pride.ebi.ac.uk/pride/data/archive/2022/07/PXD030304/190920.zip	prd_ascp@fasp.ebi.ac.uk:pride/data/archive/2022/07/PXD030304/190920.zip
PXD030304	180919.zip	12226145763	7558192137d1b80199f98bcc050e03b2c0072d19	RAW	ftp://ftp.pride.ebi.ac.uk/pride/data/archive/2022/07/PXD030304/180919.zip	prd_ascp@fasp.ebi.ac.uk:pride/data/archive/2022/07/PXD030304/180919.zip
PXD030304	200127.zip	12196398697	93a8a0024553aad77c7f89e7da1116a2f5c0bfd6	RAW	ftp://ftp.pride.ebi.ac.uk/pride/data/archive/2022/07/PXD030304/200127.zip	prd_ascp@fasp.ebi.ac.uk:pride/data/archive/2022/07/PXD030304/200127.zip
PXD030304	200131.zip	12192949249	f4b7bd0452c38de570bbc79930b905d2362587f6	RAW	ftp://ftp.pride.ebi.ac.uk/pride/data/archive/2022/07/PXD030304/200131.zip	prd_ascp@fasp.ebi.ac.uk:pride/data/archive/2022/07/PXD030304/200131.zip
PXD030304	200121.zip	12179628273	f2d96c888511897f7d82efc40ff274a521f81405	RAW	ftp://ftp.pride.ebi.ac.uk/pride/data/archive/2022/07/PXD030304/200121.zip	prd_ascp@fasp.ebi.ac.uk:pride/data/archive/2022/07/PXD030304/200121.zip
PXD030304	190118.zip	12037588949	dfb395f47a751cb75e5fd6f8e6eec0926b32c575	RAW	ftp://ftp.pride.ebi.ac.uk/pride/data/archive/2022/07/PXD030304/190118.zip	prd_ascp@fasp.ebi.ac.uk:pride/data/archive/2022/07/PXD030304/190118.zip
PXD030304	200119.zip	11907734604	9bb523e2105b1269c4582a9f22f3f5820c1bb0ea	RAW	ftp://ftp.pride.ebi.ac.uk/pride/data/archive/2022/07/PXD030304/200119.zip	prd_ascp@fasp.ebi.ac.uk:pride/data/archive/2022/07/PXD030304/200119.zip
PXD030304	190121.zip	11878682292	044d3f3373c31d37739fe58f462d5922d12f28ac	RAW	ftp://ftp.pride.ebi.ac.uk/pride/data/archive/2022/07/PXD030304/190121.zip	prd_ascp@fasp.ebi.ac.uk:pride/data/archive/2022/07/PXD030304/190121.zip
PXD030304	190724.zip	11833758226	5026675a6a9512645670f5de20d3ac7cbcf03b50	RAW	ftp://ftp.pride.ebi.ac.uk/pride/data/archive/2022/07/PXD030304/190724.zip	prd_ascp@fasp.ebi.ac.uk:pride/data/archive/2022/07/PXD030304/190724.zip
PXD030304	190720.zip	11798257631	0256c8fd60351ecc4a2bfae9b879836b115dbe36	RAW	ftp://ftp.pride.ebi.ac.uk/pride/data/archive/2022/07/PXD030304/190720.zip	prd_ascp@fasp.ebi.ac.uk:pride/data/archive/2022/07/PXD030304/190720.zip
PXD030304	190514.zip	11748189373	6e49c42b973f1369ba8adee4f82ae7f73391290a	RAW	ftp://ftp.pride.ebi.ac.uk/pride/data/archive/2022/07/PXD030304/190514.zip	prd_ascp@fasp.ebi.ac.uk:pride/data/archive/2022/07/PXD030304/190514.zip
PXD030304	190404.zip	11721278603	548787a63bd98057052dff0f4778633353b968f3	RAW	ftp://ftp.pride.ebi.ac.uk/pride/data/archive/2022/07/PXD030304/190404.zip	prd_ascp@fasp.ebi.ac.uk:pride/data/archive/2022/07/PXD030304/190404.zip
PXD030304	190125.zip	11691191781	bb00b98642dd5723af293443fd0db72485e8dab1	RAW	ftp://ftp.pride.ebi.ac.uk/pride/data/archive/2022/07/PXD030304/190125.zip	prd_ascp@fasp.ebi.ac.uk:pride/data/archive/2022/07/PXD030304/190125.zip
PXD030304	190908.zip	11589760559	73d86ad3cda03159fbd193ce9ac7de844357d256	RAW	ftp://ftp.pride.ebi.ac.uk/pride/data/archive/2022/07/PXD030304/190908.zip	prd_ascp@fasp.ebi.ac.uk:pride/data/archive/2022/07/PXD030304/190908.zip
PXD030304	191209.zip	11405751984	2437e82d4643a5af36e2e81311c16f8aa909c02b	RAW	ftp://ftp.pride.ebi.ac.uk/pride/data/archive/2022/07/PXD030304/191209.zip	prd_ascp@fasp.ebi.ac.uk:pride/data/archive/2022/07/PXD030304/191209.zip
PXD030304	190809.zip	11402048674	7cd69687ac000664b279585ef8484824e5097df1	RAW	ftp://ftp.pride.ebi.ac.uk/pride/data/archive/2022/07/PXD030304/190809.zip	prd_ascp@fasp.ebi.ac.uk:pride/data/archive/2022/07/PXD030304/190809.zip
PXD030304	191127.zip	11386652921	62b7d43b06067a33d42a99da5de0652fd9c71bdd	RAW	ftp://ftp.pride.ebi.ac.uk/pride/data/archive/2022/07/PXD030304/191127.zip	prd_ascp@fasp.ebi.ac.uk:pride/data/archive/2022/07/PXD030304/191127.zip
PXD030304	191105.zip	11348085113	d8105ee5fba2dfefa8b6d398dc39ec224b6e9e51	RAW	ftp://ftp.pride.ebi.ac.uk/pride/data/archive/2022/07/PXD030304/191105.zip	prd_ascp@fasp.ebi.ac.uk:pride/data/archive/2022/07/PXD030304/191105.zip
PXD030304	200123.zip	11346993508	85598207192c6a7ca0cbac0b31448b3980774aef	RAW	ftp://ftp.pride.ebi.ac.uk/pride/data/archive/2022/07/PXD030304/200123.zip	prd_ascp@fasp.ebi.ac.uk:pride/data/archive/2022/07/PXD030304/200123.zip
PXD030304	181012.zip	11245544081	c641ecf042f498521aab56d0fe6844961b4e0255	RAW	ftp://ftp.pride.ebi.ac.uk/pride/data/archive/2022/07/PXD030304/181012.zip	prd_ascp@fasp.ebi.ac.uk:pride/data/archive/2022/07/PXD030304/181012.zip
PXD030304	190913.zip	11122481703	930c7b355a9469fdf493e6294e1f4b1d1497a8c4	RAW	ftp://ftp.pride.ebi.ac.uk/pride/data/archive/2022/07/PXD030304/190913.zip	prd_ascp@fasp.ebi.ac.uk:pride/data/archive/2022/07/PXD030304/190913.zip
PXD030304	190407.zip	11031458572	774fde1d0c28540767ac8ba704fc4346af8ec30e	RAW	ftp://ftp.pride.ebi.ac.uk/pride/data/archive/2022/07/PXD030304/190407.zip	prd_ascp@fasp.ebi.ac.uk:pride/data/archive/2022/07/PXD030304/190407.zip
PXD030304	191002.zip	11004708868	9149ca7c254a374641d142bec8607fc576b44575	RAW	ftp://ftp.pride.ebi.ac.uk/pride/data/archive/2022/07/PXD030304/191002.zip	prd_ascp@fasp.ebi.ac.uk:pride/data/archive/2022/07/PXD030304/191002.zip
PXD030304	190408.zip	10998580387	ac16d58125c2bb946d570978407bde81fb71146b	RAW	ftp://ftp.pride.ebi.ac.uk/pride/data/archive/2022/07/PXD030304/190408.zip	prd_ascp@fasp.ebi.ac.uk:pride/data/archive/2022/07/PXD030304/190408.zip
PXD030304	181015.zip	10918308985	a98f8249e2cd4a6b540f1af1f55f0e90aa9d73c0	RAW	ftp://ftp.pride.ebi.ac.uk/pride/data/archive/2022/07/PXD030304/181015.zip	prd_ascp@fasp.ebi.ac.uk:pride/data/archive/2022/07/PXD030304/181015.zip
PXD030304	190120.zip	10810434146	a2115c5e0443270d34e98cc6a3cdb355f118b0f6	RAW	ftp://ftp.pride.ebi.ac.uk/pride/data/archive/2022/07/PXD030304/190120.zip	prd_ascp@fasp.ebi.ac.uk:pride/data/archive/2022/07/PXD030304/190120.zip
PXD030304	190623.zip	10583672320	3490665199c36e6ad9a990c1efb37ce01ab4608f	RAW	ftp://ftp.pride.ebi.ac.uk/pride/data/archive/2022/07/PXD030304/190623.zip	prd_ascp@fasp.ebi.ac.uk:pride/data/archive/2022/07/PXD030304/190623.zip
PXD030304	190402.zip	10501833587	384eeddb638bacf1284092b5bcbd73891dcfaea0	RAW	ftp://ftp.pride.ebi.ac.uk/pride/data/archive/2022/07/PXD030304/190402.zip	prd_ascp@fasp.ebi.ac.uk:pride/data/archive/2022/07/PXD030304/190402.zip
PXD030304	190911.zip	10490562706	9ccec3d39e8b6378363af415963a5b6304114e31	RAW	ftp://ftp.pride.ebi.ac.uk/pride/data/archive/2022/07/PXD030304/190911.zip	prd_ascp@fasp.ebi.ac.uk:pride/data/archive/2022/07/PXD030304/190911.zip
PXD030304	191123.zip	10421883593	e79b413707a895cd51ec6e0f4383388219289a41	RAW	ftp://ftp.pride.ebi.ac.uk/pride/data/archive/2022/07/PXD030304/191123.zip	prd_ascp@fasp.ebi.ac.uk:pride/data/archive/2022/07/PXD030304/191123.zip
PXD030304	190128.zip	10421768997	1e6be5a68cddedea2866c559bfb78641525c5737	RAW	ftp://ftp.pride.ebi.ac.uk/pride/data/archive/2022/07/PXD030304/190128.zip	prd_ascp@fasp.ebi.ac.uk:pride/data/archive/2022/07/PXD030304/190128.zip
PXD030304	191204.zip	10406927813	573367bbc78fcf747476099191fc5c3a013dc3a6	RAW	ftp://ftp.pride.ebi.ac.uk/pride/data/archive/2022/07/PXD030304/191204.zip	prd_ascp@fasp.ebi.ac.uk:pride/data/archive/2022/07/PXD030304/191204.zip
PXD030304	190717.zip	10301290945	f1da579093b9d3781fc970451c809cc3d5d8ddb5	RAW	ftp://ftp.pride.ebi.ac.uk/pride/data/archive/2022/07/PXD030304/190717.zip	prd_ascp@fasp.ebi.ac.uk:pride/data/archive/2022/07/PXD030304/190717.zip
PXD030304	200117.zip	10239839587	82811a0f04f9ad4112b414f26bd0907d9dd3fdc2	RAW	ftp://ftp.pride.ebi.ac.uk/pride/data/archive/2022/07/PXD030304/200117.zip	prd_ascp@fasp.ebi.ac.uk:pride/data/archive/2022/07/PXD030304/200117.zip
PXD030304	190331.zip	10206903893	c7984f5659db5e6d782f7e7b9bb22008ab37f974	RAW	ftp://ftp.pride.ebi.ac.uk/pride/data/archive/2022/07/PXD030304/190331.zip	prd_ascp@fasp.ebi.ac.uk:pride/data/archive/2022/07/PXD030304/190331.zip
PXD030304	190921.zip	10107000976	f7c8e192dd913d7c7de3ba8bd426bdf3c5505d5f	RAW	ftp://ftp.pride.ebi.ac.uk/pride/data/archive/2022/07/PXD030304/190921.zip	prd_ascp@fasp.ebi.ac.uk:pride/data/archive/2022/07/PXD030304/190921.zip
PXD030304	190403.zip	10106557139	1358ae769019fc9c2899bb0a626c06dbd41c7bd4	RAW	ftp://ftp.pride.ebi.ac.uk/pride/data/archive/2022/07/PXD030304/190403.zip	prd_ascp@fasp.ebi.ac.uk:pride/data/archive/2022/07/PXD030304/190403.zip
PXD030304	190803.zip	10006847823	9153ef8089c5cb7dac89cfb851f33f3852eb0294	RAW	ftp://ftp.pride.ebi.ac.uk/pride/data/archive/2022/07/PXD030304/190803.zip	prd_ascp@fasp.ebi.ac.uk:pride/data/archive/2022/07/PXD030304/190803.zip
PXD030304	190127.zip	9912333229	4baca519c8a40c7ee200c1840a8e417694cfa451	RAW	ftp://ftp.pride.ebi.ac.uk/pride/data/archive/2022/07/PXD030304/190127.zip	prd_ascp@fasp.ebi.ac.uk:pride/data/archive/2022/07/PXD030304/190127.zip
PXD030304	190816.zip	9733301696	e6df25deea5e7ec40bb62d79e9855bb16b5aaa26	RAW	ftp://ftp.pride.ebi.ac.uk/pride/data/archive/2022/07/PXD030304/190816.zip	prd_ascp@fasp.ebi.ac.uk:pride/data/archive/2022/07/PXD030304/190816.zip
PXD030304	190529.zip	9732233295	2ebc97d7ebbb8b98c0e3f9085b586f80a000b465	RAW	ftp://ftp.pride.ebi.ac.uk/pride/data/archive/2022/07/PXD030304/190529.zip	prd_ascp@fasp.ebi.ac.uk:pride/data/archive/2022/07/PXD030304/190529.zip
PXD030304	181214.zip	9666368266	08c657841b43b0942629c3bf4d6b832d9d5a4d0b	RAW	ftp://ftp.pride.ebi.ac.uk/pride/data/archive/2022/07/PXD030304/181214.zip	prd_ascp@fasp.ebi.ac.uk:pride/data/archive/2022/07/PXD030304/181214.zip
PXD030304	190126.zip	9657176013	a5034ee0e1b6ba0fc435999299b57b67b7a1f412	RAW	ftp://ftp.pride.ebi.ac.uk/pride/data/archive/2022/07/PXD030304/190126.zip	prd_ascp@fasp.ebi.ac.uk:pride/data/archive/2022/07/PXD030304/190126.zip
PXD030304	191023.zip	9612720356	9e0bc7625711523a15f0b9e123acb6632e313da7	RAW	ftp://ftp.pride.ebi.ac.uk/pride/data/archive/2022/07/PXD030304/191023.zip	prd_ascp@fasp.ebi.ac.uk:pride/data/archive/2022/07/PXD030304/191023.zip
PXD030304	190918.zip	9600947500	29fc96dd7888206d874268940a6101c3c681a033	RAW	ftp://ftp.pride.ebi.ac.uk/pride/data/archive/2022/07/PXD030304/190918.zip	prd_ascp@fasp.ebi.ac.uk:pride/data/archive/2022/07/PXD030304/190918.zip
PXD030304	191208.zip	9589755696	2d04dfea8f8698f3ef132d9faac75c7790a33d37	RAW	ftp://ftp.pride.ebi.ac.uk/pride/data/archive/2022/07/PXD030304/191208.zip	prd_ascp@fasp.ebi.ac.uk:pride/data/archive/2022/07/PXD030304/191208.zip
PXD030304	190930.zip	9577612102	e376c5aef88e00cf3543145b18f48bf92cb99a33	RAW	ftp://ftp.pride.ebi.ac.uk/pride/data/archive/2022/07/PXD030304/190930.zip	prd_ascp@fasp.ebi.ac.uk:pride/data/archive/2022/07/PXD030304/190930.zip
PXD030304	190406.zip	9571611944	b11a41f65abfb61eaea0d61cd20580179c7f86db	RAW	ftp://ftp.pride.ebi.ac.uk/pride/data/archive/2022/07/PXD030304/190406.zip	prd_ascp@fasp.ebi.ac.uk:pride/data/archive/2022/07/PXD030304/190406.zip
PXD030304	190815.zip	9539456746	a1436dbf50c8217b399c5e25eb1b2b18e9118906	RAW	ftp://ftp.pride.ebi.ac.uk/pride/data/archive/2022/07/PXD030304/190815.zip	prd_ascp@fasp.ebi.ac.uk:pride/data/archive/2022/07/PXD030304/190815.zip
PXD030304	200126.zip	9513304620	d2cbcaab1f5f79ab734762ee1af7461b501c7ed9	RAW	ftp://ftp.pride.ebi.ac.uk/pride/data/archive/2022/07/PXD030304/200126.zip	prd_ascp@fasp.ebi.ac.uk:pride/data/archive/2022/07/PXD030304/200126.zip
PXD030304	181212.zip	9480832133	01f775d663534f86fddafde911755c649c819c6e	RAW	ftp://ftp.pride.ebi.ac.uk/pride/data/archive/2022/07/PXD030304/181212.zip	prd_ascp@fasp.ebi.ac.uk:pride/data/archive/2022/07/PXD030304/181212.zip
PXD030304	190807.zip	9441384788	e091b59cdb3f90d35989b33c1073069d71588571	RAW	ftp://ftp.pride.ebi.ac.uk/pride/data/archive/2022/07/PXD030304/190807.zip	prd_ascp@fasp.ebi.ac.uk:pride/data/archive/2022/07/PXD030304/190807.zip
PXD030304	181022.zip	9407860398	a1a1870b866d2013f696b9f0ec41f459ff91e46f	RAW	ftp://ftp.pride.ebi.ac.uk/pride/data/archive/2022/07/PXD030304/181022.zip	prd_ascp@fasp.ebi.ac.uk:pride/data/archive/2022/07/PXD030304/181022.zip
PXD030304	190829.zip	9361906933	6bdb1b3ffa1235950a4d9c9544a2b0c8a686ae16	RAW	ftp://ftp.pride.ebi.ac.uk/pride/data/archive/2022/07/PXD030304/190829.zip	prd_ascp@fasp.ebi.ac.uk:pride/data/archive/2022/07/PXD030304/190829.zip
PXD030304	190528.zip	9350586204	6a32cb9413b34a8e3cb451e2c37647a79d463701	RAW	ftp://ftp.pride.ebi.ac.uk/pride/data/archive/2022/07/PXD030304/190528.zip	prd_ascp@fasp.ebi.ac.uk:pride/data/archive/2022/07/PXD030304/190528.zip
PXD030304	190812.zip	9334524156	0bca66995670c24f26213defc211cf3e880c03c1	RAW	ftp://ftp.pride.ebi.ac.uk/pride/data/archive/2022/07/PXD030304/190812.zip	prd_ascp@fasp.ebi.ac.uk:pride/data/archive/2022/07/PXD030304/190812.zip
PXD030304	181215.zip	9325847055	986d0a18d20ff267d72662ddd243cc66abfe7ffc	RAW	ftp://ftp.pride.ebi.ac.uk/pride/data/archive/2022/07/PXD030304/181215.zip	prd_ascp@fasp.ebi.ac.uk:pride/data/archive/2022/07/PXD030304/181215.zip
PXD030304	190506.zip	9303222770	909b0e5ccbeee26b7633dc7f2ea6f9cb16ca4202	RAW	ftp://ftp.pride.ebi.ac.uk/pride/data/archive/2022/07/PXD030304/190506.zip	prd_ascp@fasp.ebi.ac.uk:pride/data/archive/2022/07/PXD030304/190506.zip
PXD030304	190802.zip	9271001801	620f75382b716e4e77c766f68ee40d8aedebe825	RAW	ftp://ftp.pride.ebi.ac.uk/pride/data/archive/2022/07/PXD030304/190802.zip	prd_ascp@fasp.ebi.ac.uk:pride/data/archive/2022/07/PXD030304/190802.zip
PXD030304	190909.zip	9191665043	8ad141d8050c55b4897a9de7a72a61d7f0bf8c81	RAW	ftp://ftp.pride.ebi.ac.uk/pride/data/archive/2022/07/PXD030304/190909.zip	prd_ascp@fasp.ebi.ac.uk:pride/data/archive/2022/07/PXD030304/190909.zip
PXD030304	190731.zip	9146834823	daf1736beafd64f5666c72f8de3fa5bb61d5479c	RAW	ftp://ftp.pride.ebi.ac.uk/pride/data/archive/2022/07/PXD030304/190731.zip	prd_ascp@fasp.ebi.ac.uk:pride/data/archive/2022/07/PXD030304/190731.zip
PXD030304	190906.zip	9142258765	74928b7ddff6fa0828f4e2d52604a8cd4028f4ef	RAW	ftp://ftp.pride.ebi.ac.uk/pride/data/archive/2022/07/PXD030304/190906.zip	prd_ascp@fasp.ebi.ac.uk:pride/data/archive/2022/07/PXD030304/190906.zip
PXD030304	190721.zip	9026647214	4f91e03ccf8ec098ca436e5e8557ff92ee7205fd	RAW	ftp://ftp.pride.ebi.ac.uk/pride/data/archive/2022/07/PXD030304/190721.zip	prd_ascp@fasp.ebi.ac.uk:pride/data/archive/2022/07/PXD030304/190721.zip
PXD030304	190718.zip	8923491452	c0e61de7af8b88d833dd4e0d4cdd2650f17a048f	RAW	ftp://ftp.pride.ebi.ac.uk/pride/data/archive/2022/07/PXD030304/190718.zip	prd_ascp@fasp.ebi.ac.uk:pride/data/archive/2022/07/PXD030304/190718.zip
PXD030304	190904.zip	8877524783	d6fdd02b96f10a0593381795164f287bf274ad54	RAW	ftp://ftp.pride.ebi.ac.uk/pride/data/archive/2022/07/PXD030304/190904.zip	prd_ascp@fasp.ebi.ac.uk:pride/data/archive/2022/07/PXD030304/190904.zip
PXD030304	190119.zip	8829738442	4f32016b02eb53bc2c42aa00776fddba8d773829	RAW	ftp://ftp.pride.ebi.ac.uk/pride/data/archive/2022/07/PXD030304/190119.zip	prd_ascp@fasp.ebi.ac.uk:pride/data/archive/2022/07/PXD030304/190119.zip
PXD030304	190512.zip	8748192855	d4ad01be0361ee38e5aad87369632752c9f14b93	RAW	ftp://ftp.pride.ebi.ac.uk/pride/data/archive/2022/07/PXD030304/190512.zip	prd_ascp@fasp.ebi.ac.uk:pride/data/archive/2022/07/PXD030304/190512.zip
PXD030304	190915.zip	8746729630	42244f5485ebc4ff9ba3db35b1c2ab634a7fa7c0	RAW	ftp://ftp.pride.ebi.ac.uk/pride/data/archive/2022/07/PXD030304/190915.zip	prd_ascp@fasp.ebi.ac.uk:pride/data/archive/2022/07/PXD030304/190915.zip
PXD030304	190819.zip	8721943592	c1fccbf80e1d2f0692bf0ffe0156f6d9dc3b4b96	RAW	ftp://ftp.pride.ebi.ac.uk/pride/data/archive/2022/07/PXD030304/190819.zip	prd_ascp@fasp.ebi.ac.uk:pride/data/archive/2022/07/PXD030304/190819.zip
PXD030304	191013.zip	8708391507	e1b65fdafb0b025a3e4d179463b3acce1eefdc32	RAW	ftp://ftp.pride.ebi.ac.uk/pride/data/archive/2022/07/PXD030304/191013.zip	prd_ascp@fasp.ebi.ac.uk:pride/data/archive/2022/07/PXD030304/191013.zip
PXD030304	190130.zip	8674873911	01b372d9d039d3932d0e513e7e04da5bca938c38	RAW	ftp://ftp.pride.ebi.ac.uk/pride/data/archive/2022/07/PXD030304/190130.zip	prd_ascp@fasp.ebi.ac.uk:pride/data/archive/2022/07/PXD030304/190130.zip
PXD030304	190805.zip	8616502549	8f632c3e47e8b5c9cf45c701e14a9850e15fe14f	RAW	ftp://ftp.pride.ebi.ac.uk/pride/data/archive/2022/07/PXD030304/190805.zip	prd_ascp@fasp.ebi.ac.uk:pride/data/archive/2022/07/PXD030304/190805.zip
PXD030304	191205.zip	8603052993	a14ec67f1729a430cba6bb245020f76030c45cba	RAW	ftp://ftp.pride.ebi.ac.uk/pride/data/archive/2022/07/PXD030304/191205.zip	prd_ascp@fasp.ebi.ac.uk:pride/data/archive/2022/07/PXD030304/191205.zip
PXD030304	190507.zip	8600390973	c354721dbb832d80802f4ea5c84a12b83442fdc0	RAW	ftp://ftp.pride.ebi.ac.uk/pride/data/archive/2022/07/PXD030304/190507.zip	prd_ascp@fasp.ebi.ac.uk:pride/data/archive/2022/07/PXD030304/190507.zip
PXD030304	190601.zip	8538573446	bf4d7d96daae35ae49b764311d2a7b148b9de52a	RAW	ftp://ftp.pride.ebi.ac.uk/pride/data/archive/2022/07/PXD030304/190601.zip	prd_ascp@fasp.ebi.ac.uk:pride/data/archive/2022/07/PXD030304/190601.zip
PXD030304	200129.zip	8525505142	5efe1151d1e4a6d9b3b302b4858f96e21c4d5d08	RAW	ftp://ftp.pride.ebi.ac.uk/pride/data/archive/2022/07/PXD030304/200129.zip	prd_ascp@fasp.ebi.ac.uk:pride/data/archive/2022/07/PXD030304/200129.zip
PXD030304	190116.zip	8463541603	0738441e8d60685a71f9992e2f44a517b10ff0af	RAW	ftp://ftp.pride.ebi.ac.uk/pride/data/archive/2022/07/PXD030304/190116.zip	prd_ascp@fasp.ebi.ac.uk:pride/data/archive/2022/07/PXD030304/190116.zip
PXD030304	190123.zip	8410118344	9534ae755b68fbf2aa287ff8b79cd61a29aa1685	RAW	ftp://ftp.pride.ebi.ac.uk/pride/data/archive/2022/07/PXD030304/190123.zip	prd_ascp@fasp.ebi.ac.uk:pride/data/archive/2022/07/PXD030304/190123.zip
PXD030304	190903.zip	8338329719	c7a80a61aa60b68da51258c611e3ae82b28123f2	RAW	ftp://ftp.pride.ebi.ac.uk/pride/data/archive/2022/07/PXD030304/190903.zip	prd_ascp@fasp.ebi.ac.uk:pride/data/archive/2022/07/PXD030304/190903.zip
PXD030304	190714.zip	8333548368	5fc43cac697ead2a6a32c6eae655cc5e94a949b2	RAW	ftp://ftp.pride.ebi.ac.uk/pride/data/archive/2022/07/PXD030304/190714.zip	prd_ascp@fasp.ebi.ac.uk:pride/data/archive/2022/07/PXD030304/190714.zip
PXD030304	181017.zip	8289186037	39b6fbe970d47f723e52bd5619826339dbc9f415	RAW	ftp://ftp.pride.ebi.ac.uk/pride/data/archive/2022/07/PXD030304/181017.zip	prd_ascp@fasp.ebi.ac.uk:pride/data/archive/2022/07/PXD030304/181017.zip
PXD030304	190122.zip	8284281859	808f33b9831ea7044679a0eec66d68cda8e6e01e	RAW	ftp://ftp.pride.ebi.ac.uk/pride/data/archive/2022/07/PXD030304/190122.zip	prd_ascp@fasp.ebi.ac.uk:pride/data/archive/2022/07/PXD030304/190122.zip
PXD030304	181223.zip	8283318817	1841015ad3b7cd4f178ef90ed30f2a21df3c325d	RAW	ftp://ftp.pride.ebi.ac.uk/pride/data/archive/2022/07/PXD030304/181223.zip	prd_ascp@fasp.ebi.ac.uk:pride/data/archive/2022/07/PXD030304/181223.zip
PXD030304	190202.zip	8255176816	6af92728e4bed6d86dba1ed7669880570e161ce2	RAW	ftp://ftp.pride.ebi.ac.uk/pride/data/archive/2022/07/PXD030304/190202.zip	prd_ascp@fasp.ebi.ac.uk:pride/data/archive/2022/07/PXD030304/190202.zip
PXD030304	190801.zip	8238352118	fb85cf5f52f562f6cebfd39826b153c616bdd128	RAW	ftp://ftp.pride.ebi.ac.uk/pride/data/archive/2022/07/PXD030304/190801.zip	prd_ascp@fasp.ebi.ac.uk:pride/data/archive/2022/07/PXD030304/190801.zip
PXD030304	190211.zip	7947120943	bc193d24040146d33cf0e0c26d1f0875a625bb90	RAW	ftp://ftp.pride.ebi.ac.uk/pride/data/archive/2022/07/PXD030304/190211.zip	prd_ascp@fasp.ebi.ac.uk:pride/data/archive/2022/07/PXD030304/190211.zip
PXD030304	190521.zip	7903303537	48f6d8d87fe263cb2a556751d69646111eeaa301	RAW	ftp://ftp.pride.ebi.ac.uk/pride/data/archive/2022/07/PXD030304/190521.zip	prd_ascp@fasp.ebi.ac.uk:pride/data/archive/2022/07/PXD030304/190521.zip
PXD030304	191007.zip	7880647617	8e5ab57596593c148efc9d61e494765a4047316e	RAW	ftp://ftp.pride.ebi.ac.uk/pride/data/archive/2022/07/PXD030304/191007.zip	prd_ascp@fasp.ebi.ac.uk:pride/data/archive/2022/07/PXD030304/191007.zip
PXD030304	190704.zip	7875497678	f03a8ade6a12de9b93cdc2a31af064f375d9042e	RAW	ftp://ftp.pride.ebi.ac.uk/pride/data/archive/2022/07/PXD030304/190704.zip	prd_ascp@fasp.ebi.ac.uk:pride/data/archive/2022/07/PXD030304/190704.zip
PXD030304	190410.zip	7763440454	380bb2389530756a1f2ea058db780ea1952c9527	RAW	ftp://ftp.pride.ebi.ac.uk/pride/data/archive/2022/07/PXD030304/190410.zip	prd_ascp@fasp.ebi.ac.uk:pride/data/archive/2022/07/PXD030304/190410.zip
PXD030304	191009.zip	7649177324	46e4998c0b0a1986b8ea81dee45afbe681b30f56	RAW	ftp://ftp.pride.ebi.ac.uk/pride/data/archive/2022/07/PXD030304/191009.zip	prd_ascp@fasp.ebi.ac.uk:pride/data/archive/2022/07/PXD030304/191009.zip
PXD030304	181224.zip	7542970378	e11db2edcbe0c33280254627a926b90d655433ca	RAW	ftp://ftp.pride.ebi.ac.uk/pride/data/archive/2022/07/PXD030304/181224.zip	prd_ascp@fasp.ebi.ac.uk:pride/data/archive/2022/07/PXD030304/181224.zip
PXD030304	190518.zip	7494705474	0bd1995194bb0adbe9c8b01deaf498af8f6923d0	RAW	ftp://ftp.pride.ebi.ac.uk/pride/data/archive/2022/07/PXD030304/190518.zip	prd_ascp@fasp.ebi.ac.uk:pride/data/archive/2022/07/PXD030304/190518.zip
PXD030304	190201.zip	7460995519	0ba960074f1f8010ee5574a57997cabae6e717ea	RAW	ftp://ftp.pride.ebi.ac.uk/pride/data/archive/2022/07/PXD030304/190201.zip	prd_ascp@fasp.ebi.ac.uk:pride/data/archive/2022/07/PXD030304/190201.zip
PXD030304	181019.zip	7363891706	8e34e36534fc44f03955f114056688fb3c0b0f6f	RAW	ftp://ftp.pride.ebi.ac.uk/pride/data/archive/2022/07/PXD030304/181019.zip	prd_ascp@fasp.ebi.ac.uk:pride/data/archive/2022/07/PXD030304/181019.zip
PXD030304	190914.zip	7356900464	face6a9f220dd509bf8d9000fe53ea0d3e18de15	RAW	ftp://ftp.pride.ebi.ac.uk/pride/data/archive/2022/07/PXD030304/190914.zip	prd_ascp@fasp.ebi.ac.uk:pride/data/archive/2022/07/PXD030304/190914.zip
PXD030304	190311.zip	7353371243	27d4838b80fbf7dc8753a18a3e4059e7c15b4414	RAW	ftp://ftp.pride.ebi.ac.uk/pride/data/archive/2022/07/PXD030304/190311.zip	prd_ascp@fasp.ebi.ac.uk:pride/data/archive/2022/07/PXD030304/190311.zip
PXD030304	191121.zip	7334012544	7f884fceafcc26fadc6db8ecdf2a309a8e78509a	RAW	ftp://ftp.pride.ebi.ac.uk/pride/data/archive/2022/07/PXD030304/191121.zip	prd_ascp@fasp.ebi.ac.uk:pride/data/archive/2022/07/PXD030304/191121.zip
PXD030304	190703.zip	7324949118	f43d6b9ef6543c8a14c8a6f2bc53e3f77a8096b2	RAW	ftp://ftp.pride.ebi.ac.uk/pride/data/archive/2022/07/PXD030304/190703.zip	prd_ascp@fasp.ebi.ac.uk:pride/data/archive/2022/07/PXD030304/190703.zip
PXD030304	200111.zip	7236478168	5310da2eb727f9118cbada49a25f953629d8f6d5	RAW	ftp://ftp.pride.ebi.ac.uk/pride/data/archive/2022/07/PXD030304/200111.zip	prd_ascp@fasp.ebi.ac.uk:pride/data/archive/2022/07/PXD030304/200111.zip
PXD030304	181217.zip	7165521315	208cdc27f386ababade4af0a651694ebbb60800d	RAW	ftp://ftp.pride.ebi.ac.uk/pride/data/archive/2022/07/PXD030304/181217.zip	prd_ascp@fasp.ebi.ac.uk:pride/data/archive/2022/07/PXD030304/181217.zip
PXD030304	190102.zip	7089093436	2f8b19e948e39f3cd66de0d391e20c543be824f1	RAW	ftp://ftp.pride.ebi.ac.uk/pride/data/archive/2022/07/PXD030304/190102.zip	prd_ascp@fasp.ebi.ac.uk:pride/data/archive/2022/07/PXD030304/190102.zip
PXD030304	190520.zip	7068985162	94502ff3c6570b47d41050f7dc19a3c8b2232224	RAW	ftp://ftp.pride.ebi.ac.uk/pride/data/archive/2022/07/PXD030304/190520.zip	prd_ascp@fasp.ebi.ac.uk:pride/data/archive/2022/07/PXD030304/190520.zip
PXD030304	190715.zip	7063041033	9f3ca51d9ff711c0da74b4a964f641e2ffc3f9ee	RAW	ftp://ftp.pride.ebi.ac.uk/pride/data/archive/2022/07/PXD030304/190715.zip	prd_ascp@fasp.ebi.ac.uk:pride/data/archive/2022/07/PXD030304/190715.zip
PXD030304	190808.zip	7043383486	a1abcd96e1ece774c56ac5bba842c854fe11a52e	RAW	ftp://ftp.pride.ebi.ac.uk/pride/data/archive/2022/07/PXD030304/190808.zip	prd_ascp@fasp.ebi.ac.uk:pride/data/archive/2022/07/PXD030304/190808.zip
PXD030304	181222.zip	6745603313	e846d0e979eb6f1b474c9037a5cacc7d1bc2f392	RAW	ftp://ftp.pride.ebi.ac.uk/pride/data/archive/2022/07/PXD030304/181222.zip	prd_ascp@fasp.ebi.ac.uk:pride/data/archive/2022/07/PXD030304/181222.zip
PXD030304	190919.zip	6667829367	f9d6315c46ebbb4c7aae8dd3853c791e4fc8da9c	RAW	ftp://ftp.pride.ebi.ac.uk/pride/data/archive/2022/07/PXD030304/190919.zip	prd_ascp@fasp.ebi.ac.uk:pride/data/archive/2022/07/PXD030304/190919.zip
PXD030304	190617.zip	6658444240	d0f92db915df474ada20facbda9986c8244d3562	RAW	ftp://ftp.pride.ebi.ac.uk/pride/data/archive/2022/07/PXD030304/190617.zip	prd_ascp@fasp.ebi.ac.uk:pride/data/archive/2022/07/PXD030304/190617.zip
PXD030304	190707.zip	6634033665	a04e16e46ec399ac80763c1eb8142f1922ea6373	RAW	ftp://ftp.pride.ebi.ac.uk/pride/data/archive/2022/07/PXD030304/190707.zip	prd_ascp@fasp.ebi.ac.uk:pride/data/archive/2022/07/PXD030304/190707.zip
PXD030304	190531.zip	6553918000	119e196ec31c850cfbd65e83dd31eb3bde44de97	RAW	ftp://ftp.pride.ebi.ac.uk/pride/data/archive/2022/07/PXD030304/190531.zip	prd_ascp@fasp.ebi.ac.uk:pride/data/archive/2022/07/PXD030304/190531.zip
PXD030304	191104.zip	6544592973	3b7582d8296e5343b9ee36950db7222fb587daeb	RAW	ftp://ftp.pride.ebi.ac.uk/pride/data/archive/2022/07/PXD030304/191104.zip	prd_ascp@fasp.ebi.ac.uk:pride/data/archive/2022/07/PXD030304/191104.zip
PXD030304	191107.zip	6491386346	e4ca92286550ecae9bc3b117c37e3482272ec09b	RAW	ftp://ftp.pride.ebi.ac.uk/pride/data/archive/2022/07/PXD030304/191107.zip	prd_ascp@fasp.ebi.ac.uk:pride/data/archive/2022/07/PXD030304/191107.zip
PXD030304	190527.zip	6475190999	ee79207464639aab8cb7166c70f0c462380cdd76	RAW	ftp://ftp.pride.ebi.ac.uk/pride/data/archive/2022/07/PXD030304/190527.zip	prd_ascp@fasp.ebi.ac.uk:pride/data/archive/2022/07/PXD030304/190527.zip
PXD030304	190614.zip	6337356548	e8db065c846f82042dc1009a744202c7f2fb4f03	RAW	ftp://ftp.pride.ebi.ac.uk/pride/data/archive/2022/07/PXD030304/190614.zip	prd_ascp@fasp.ebi.ac.uk:pride/data/archive/2022/07/PXD030304/190614.zip
PXD030304	190706.zip	6328271514	67307a7ab42c0d6214474eda8ef6722ecdc47080	RAW	ftp://ftp.pride.ebi.ac.uk/pride/data/archive/2022/07/PXD030304/190706.zip	prd_ascp@fasp.ebi.ac.uk:pride/data/archive/2022/07/PXD030304/190706.zip
PXD030304	200113.zip	6247278540	3aaaa3787a7cef468c25af0f20224a51d8393afa	RAW	ftp://ftp.pride.ebi.ac.uk/pride/data/archive/2022/07/PXD030304/200113.zip	prd_ascp@fasp.ebi.ac.uk:pride/data/archive/2022/07/PXD030304/200113.zip
PXD030304	190604.zip	6185425718	0bbb7b97f782961d6b2289ba237dcaa5050bfa6a	RAW	ftp://ftp.pride.ebi.ac.uk/pride/data/archive/2022/07/PXD030304/190604.zip	prd_ascp@fasp.ebi.ac.uk:pride/data/archive/2022/07/PXD030304/190604.zip
PXD030304	191207.zip	6138274222	292c8e967e21dfb52af5a9d83780fa9d1ec147a7	RAW	ftp://ftp.pride.ebi.ac.uk/pride/data/archive/2022/07/PXD030304/191207.zip	prd_ascp@fasp.ebi.ac.uk:pride/data/archive/2022/07/PXD030304/191207.zip
PXD030304	190606.zip	6087871727	3d9abab20059c4d5e7bea5af43aab9c88ccc2a50	RAW	ftp://ftp.pride.ebi.ac.uk/pride/data/archive/2022/07/PXD030304/190606.zip	prd_ascp@fasp.ebi.ac.uk:pride/data/archive/2022/07/PXD030304/190606.zip
PXD030304	190615.zip	6086726914	b20d84d0d11f08c09138773228b4cd995ba59400	RAW	ftp://ftp.pride.ebi.ac.uk/pride/data/archive/2022/07/PXD030304/190615.zip	prd_ascp@fasp.ebi.ac.uk:pride/data/archive/2022/07/PXD030304/190615.zip
PXD030304	191108.zip	6075035062	b0f5d3b3824e267441a51c70f61289a6fb127bfc	RAW	ftp://ftp.pride.ebi.ac.uk/pride/data/archive/2022/07/PXD030304/191108.zip	prd_ascp@fasp.ebi.ac.uk:pride/data/archive/2022/07/PXD030304/191108.zip
PXD030304	190603.zip	6053437212	31081a8fdf710ad6f55fb502655d1b0e8a3ea91a	RAW	ftp://ftp.pride.ebi.ac.uk/pride/data/archive/2022/07/PXD030304/190603.zip	prd_ascp@fasp.ebi.ac.uk:pride/data/archive/2022/07/PXD030304/190603.zip
PXD030304	191211.zip	5625452942	f90e13bdbd93fb21f5164ba72f29039423cbd09c	RAW	ftp://ftp.pride.ebi.ac.uk/pride/data/archive/2022/07/PXD030304/191211.zip	prd_ascp@fasp.ebi.ac.uk:pride/data/archive/2022/07/PXD030304/191211.zip
PXD030304	190525.zip	5620781398	51e0f45cc7892aba735e033811c57f9b528ae348	RAW	ftp://ftp.pride.ebi.ac.uk/pride/data/archive/2022/07/PXD030304/190525.zip	prd_ascp@fasp.ebi.ac.uk:pride/data/archive/2022/07/PXD030304/190525.zip
PXD030304	190605.zip	5383794330	575e7e49533ba9d66222eedc0abf09fa46d6086d	RAW	ftp://ftp.pride.ebi.ac.uk/pride/data/archive/2022/07/PXD030304/190605.zip	prd_ascp@fasp.ebi.ac.uk:pride/data/archive/2022/07/PXD030304/190605.zip
PXD030304	190523.zip	5353813625	c47039db5feca805d04c70295de5990ffbd8d4a6	RAW	ftp://ftp.pride.ebi.ac.uk/pride/data/archive/2022/07/PXD030304/190523.zip	prd_ascp@fasp.ebi.ac.uk:pride/data/archive/2022/07/PXD030304/190523.zip
PXD030304	190625.zip	5274844669	32377c17b0829fc7ef4c0c8650e3a512cf2e743f	RAW	ftp://ftp.pride.ebi.ac.uk/pride/data/archive/2022/07/PXD030304/190625.zip	prd_ascp@fasp.ebi.ac.uk:pride/data/archive/2022/07/PXD030304/190625.zip
PXD030304	190503.zip	5068067442	9514174be5734fcb49cc9be8e391221134d40a71	RAW	ftp://ftp.pride.ebi.ac.uk/pride/data/archive/2022/07/PXD030304/190503.zip	prd_ascp@fasp.ebi.ac.uk:pride/data/archive/2022/07/PXD030304/190503.zip
PXD030304	190608.zip	4603293894	b0365d2c871068b68c5754a513d9f2e833fb6cab	RAW	ftp://ftp.pride.ebi.ac.uk/pride/data/archive/2022/07/PXD030304/190608.zip	prd_ascp@fasp.ebi.ac.uk:pride/data/archive/2022/07/PXD030304/190608.zip
PXD030304	190609.zip	4546175142	04b137a2235e23a5b9e3a7d6b0fe90e48b398ff5	RAW	ftp://ftp.pride.ebi.ac.uk/pride/data/archive/2022/07/PXD030304/190609.zip	prd_ascp@fasp.ebi.ac.uk:pride/data/archive/2022/07/PXD030304/190609.zip
PXD030304	190401.zip	4017280836	e0aa9de33bd5a14bf74c1aecbc190433f7a0a22f	RAW	ftp://ftp.pride.ebi.ac.uk/pride/data/archive/2022/07/PXD030304/190401.zip	prd_ascp@fasp.ebi.ac.uk:pride/data/archive/2022/07/PXD030304/190401.zip
PXD030304	190526.zip	3242165775	a3d5772e97e55ce3942abb10d171815b048204ae	RAW	ftp://ftp.pride.ebi.ac.uk/pride/data/archive/2022/07/PXD030304/190526.zip	prd_ascp@fasp.ebi.ac.uk:pride/data/archive/2022/07/PXD030304/190526.zip
PXD030304	190810.zip	2848783834	202164eb9d7d9ee49bd98ce975d37e629e6aef8d	RAW	ftp://ftp.pride.ebi.ac.uk/pride/data/archive/2022/07/PXD030304/190810.zip	prd_ascp@fasp.ebi.ac.uk:pride/data/archive/2022/07/PXD030304/190810.zip
PXD030304	191216.zip	2624885663	51e060d63887028f34bec2553f84d42fc30867d8	RAW	ftp://ftp.pride.ebi.ac.uk/pride/data/archive/2022/07/PXD030304/191216.zip	prd_ascp@fasp.ebi.ac.uk:pride/data/archive/2022/07/PXD030304/191216.zip
PXD030304	190826.zip	2410090438	c2caad27f8aed4d2d39a618f0d55e53583bebaa3	RAW	ftp://ftp.pride.ebi.ac.uk/pride/data/archive/2022/07/PXD030304/190826.zip	prd_ascp@fasp.ebi.ac.uk:pride/data/archive/2022/07/PXD030304/190826.zip
PXD030304	190515.zip	2192360988	c07460904a83d8861631ab32f3121ca612e76b7e	RAW	ftp://ftp.pride.ebi.ac.uk/pride/data/archive/2022/07/PXD030304/190515.zip	prd_ascp@fasp.ebi.ac.uk:pride/data/archive/2022/07/PXD030304/190515.zip
PXD030304	200212.zip	2136390768	a18dc688613db070c0f3097602b43ad284396a51	RAW	ftp://ftp.pride.ebi.ac.uk/pride/data/archive/2022/07/PXD030304/200212.zip	prd_ascp@fasp.ebi.ac.uk:pride/data/archive/2022/07/PXD030304/200212.zip
PXD030304	200210.zip	2034844361	d4f7dc1eeab0066b0d19347b9692a4d26663e92c	RAW	ftp://ftp.pride.ebi.ac.uk/pride/data/archive/2022/07/PXD030304/200210.zip	prd_ascp@fasp.ebi.ac.uk:pride/data/archive/2022/07/PXD030304/200210.zip
PXD030304	200201.zip	1946651959	bcc093e09bc2048c3f6bea9cdcc46c60417a0e31	RAW	ftp://ftp.pride.ebi.ac.uk/pride/data/archive/2022/07/PXD030304/200201.zip	prd_ascp@fasp.ebi.ac.uk:pride/data/archive/2022/07/PXD030304/200201.zip
PXD030304	190602.zip	1733904476	69e689aa0707ab7bf76b5a6cfddcdda6d32f3118	RAW	ftp://ftp.pride.ebi.ac.uk/pride/data/archive/2022/07/PXD030304/190602.zip	prd_ascp@fasp.ebi.ac.uk:pride/data/archive/2022/07/PXD030304/190602.zip
PXD030304	190818.zip	1385596109	869f358ca9f104c7196007b3893f7de2c66ce5d3	RAW	ftp://ftp.pride.ebi.ac.uk/pride/data/archive/2022/07/PXD030304/190818.zip	prd_ascp@fasp.ebi.ac.uk:pride/data/archive/2022/07/PXD030304/190818.zip
PXD030304	190827.zip	1101459476	36887b84fa96beeb804ccaa1a81634b331a99afd	RAW	ftp://ftp.pride.ebi.ac.uk/pride/data/archive/2022/07/PXD030304/190827.zip	prd_ascp@fasp.ebi.ac.uk:pride/data/archive/2022/07/PXD030304/190827.zip
