accession	file_name	file_size_bytes	checksum	file_category	submission_date	publication_date	ftp_url	aspera_url
PXD034908	190327_P30184_HpH-IDA_F-1.group	143436216	b97f6558c71d3f3b5ca86fc5de1c7ff0edcb9d8d	SEARCH	2022-06-26T14:39:17.438+00:00	2022-08-25T22:14:12.136+00:00	ftp://ftp.pride.ebi.ac.uk/pride/data/archive/2022/08/PXD034908/190327_P30184_HpH-IDA_F-1.group	prd_ascp@fasp.ebi.ac.uk:pride/data/archive/2022/08/PXD034908/190327_P30184_HpH-IDA_F-1.group
PXD034908	190327_P30184_HpH-IDA_F-1.wiff	24715264	ec456d4909633272540c79944c8160e9ef1083e5	RAW	2022-06-26T14:39:17.438+00:00	2022-08-25T22:14:12.136+00:00	ftp://ftp.pride.ebi.ac.uk/pride/data/archive/2022/08/PXD034908/190327_P30184_HpH-IDA_F-1.wiff	prd_ascp@fasp.ebi.ac.uk:pride/data/archive/2022/08/PXD034908/190327_P30184_HpH-IDA_F-1.wiff
PXD034908	190327_P30184_HpH-IDA_F-1.wiff.scan	828143496	07389d405f271d8be3ac304083cdf02ceb3bc5e1	RAW	2022-06-26T14:39:17.438+00:00	2022-08-25T22:14:12.136+00:00	ftp://ftp.pride.ebi.ac.uk/pride/data/archive/2022/08/PXD034908/190327_P30184_HpH-IDA_F-1.wiff.scan	prd_ascp@fasp.ebi.ac.uk:pride/data/archive/2022/08/PXD034908/190327_P30184_HpH-IDA_F-1.wiff.scan
PXD034908	190327_P30184_HpH-IDA_F-2.group	166325886	34d11f96a335b3ff50cd5c2167557d1a76266653	SEARCH	2022-06-26T14:39:17.438+00:00	2022-08-25T22:14:12.136+00:00	ftp://ftp.pride.ebi.ac.uk/pride/data/archive/2022/08/PXD034908/190327_P30184_HpH-IDA_F-2.group	prd_ascp@fasp.ebi.ac.uk:pride/data/archive/2022/08/PXD034908/190327_P30184_HpH-IDA_F-2.group
PXD034908	190327_P30184_HpH-IDA_F-2.wiff	18735104	faff2fdfc0fb8dbf5bd5d20fec2eb766227aaced	RAW	2022-06-26T14:39:17.438+00:00	2022-08-25T22:14:12.136+00:00	ftp://ftp.pride.ebi.ac.uk/pride/data/archive/2022/08/PXD034908/190327_P30184_HpH-IDA_F-2.wiff	prd_ascp@fasp.ebi.ac.uk:pride/data/archive/2022/08/PXD034908/190327_P30184_HpH-IDA_F-2.wiff
PXD034908	190327_P30184_HpH-IDA_F-2.wiff.scan	792364444	1baa4cd364ee519c6d82d1f11a5966e6323d5eac	RAW	2022-06-26T14:39:17.438+00:00	2022-08-25T22:14:12.136+00:00	ftp://ftp.pride.ebi.ac.uk/pride/data/archive/2022/08/PXD034908/190327_P30184_HpH-IDA_F-2.wiff.scan	prd_ascp@fasp.ebi.ac.uk:pride/data/archive/2022/08/PXD034908/190327_P30184_HpH-IDA_F-2.wiff.scan
PXD034908	190327_P30184_HpH-IDA_F-3.group	240735985	c7f5cec1637db2085ba1c3b76e01034aacbe012b	SEARCH	2022-06-26T14:39:17.438+00:00	2022-08-25T22:14:12.136+00:00	ftp://ftp.pride.ebi.ac.uk/pride/data/archive/2022/08/PXD034908/190327_P30184_HpH-IDA_F-3.group	prd_ascp@fasp.ebi.ac.uk:pride/data/archive/2022/08/PXD034908/190327_P30184_HpH-IDA_F-3.group
PXD034908	190327_P30184_HpH-IDA_F-3.wiff	14331904	a8bde3f83d798ba834e0b61bbb88c0384929f4d7	RAW	2022-06-26T14:39:17.438+00:00	2022-08-25T22:14:12.136+00:00	ftp://ftp.pride.ebi.ac.uk/pride/data/archive/2022/08/PXD034908/190327_P30184_HpH-IDA_F-3.wiff	prd_ascp@fasp.ebi.ac.uk:pride/data/archive/2022/08/PXD034908/190327_P30184_HpH-IDA_F-3.wiff
PXD034908	190327_P30184_HpH-IDA_F-3.wiff.scan	898886644	66f80edd987e165cab5853f0013336f3450e42ad	RAW	2022-06-26T14:39:17.438+00:00	2022-08-25T22:14:12.136+00:00	ftp://ftp.pride.ebi.ac.uk/pride/data/archive/2022/08/PXD034908/190327_P30184_HpH-IDA_F-3.wiff.scan	prd_ascp@fasp.ebi.ac.uk:pride/data/archive/2022/08/PXD034908/190327_P30184_HpH-IDA_F-3.wiff.scan
PXD034908	190327_P30184_HpH-IDA_F01.group	225979759	0667f4e1bf06bc261e15098c5f8c8dc3174380d0	SEARCH	2022-06-26T14:39:17.438+00:00	2022-08-25T22:14:12.136+00:00	ftp://ftp.pride.ebi.ac.uk/pride/data/archive/2022/08/PXD034908/190327_P30184_HpH-IDA_F01.group	prd_ascp@fasp.ebi.ac.uk:pride/data/archive/2022/08/PXD034908/190327_P30184_HpH-IDA_F01.group
PXD034908	190327_P30184_HpH-IDA_F01.wiff	16478208	8aa8e7a10f52da27c0fc160cc3c3b388e74b6282	RAW	2022-06-26T14:39:17.438+00:00	2022-08-25T22:14:12.136+00:00	ftp://ftp.pride.ebi.ac.uk/pride/data/archive/2022/08/PXD034908/190327_P30184_HpH-IDA_F01.wiff	prd_ascp@fasp.ebi.ac.uk:pride/data/archive/2022/08/PXD034908/190327_P30184_HpH-IDA_F01.wiff
PXD034908	190327_P30184_HpH-IDA_F01.wiff.scan	759321860	1eb7afcc17d8aeb514ab144db6053b93713ed295	RAW	2022-06-26T14:39:17.438+00:00	2022-08-25T22:14:12.136+00:00	ftp://ftp.pride.ebi.ac.uk/pride/data/archive/2022/08/PXD034908/190327_P30184_HpH-IDA_F01.wiff.scan	prd_ascp@fasp.ebi.ac.uk:pride/data/archive/2022/08/PXD034908/190327_P30184_HpH-IDA_F01.wiff.scan
PXD034908	190327_P30184_HpH-IDA_F02.group	255811733	903731bd5f10a634b540a6fd03857f3317c25f1f	SEARCH	2022-06-26T14:39:17.438+00:00	2022-08-25T22:14:12.136+00:00	ftp://ftp.pride.ebi.ac.uk/pride/data/archive/2022/08/PXD034908/190327_P30184_HpH-IDA_F02.group	prd_ascp@fasp.ebi.ac.uk:pride/data/archive/2022/08/PXD034908/190327_P30184_HpH-IDA_F02.group
PXD034908	190327_P30184_HpH-IDA_F02.wiff	15859712	da1a59cadb9e3934bb130667aeae7e01504e7a55	RAW	2022-06-26T14:39:17.438+00:00	2022-08-25T22:14:12.136+00:00	ftp://ftp.pride.ebi.ac.uk/pride/data/archive/2022/08/PXD034908/190327_P30184_HpH-IDA_F02.wiff	prd_ascp@fasp.ebi.ac.uk:pride/data/archive/2022/08/PXD034908/190327_P30184_HpH-IDA_F02.wiff
PXD034908	190327_P30184_HpH-IDA_F02.wiff.scan	798388096	5a266877ed2fbcbe407ed079ee4cad877705f99f	RAW	2022-06-26T14:39:17.438+00:00	2022-08-25T22:14:12.136+00:00	ftp://ftp.pride.ebi.ac.uk/pride/data/archive/2022/08/PXD034908/190327_P30184_HpH-IDA_F02.wiff.scan	prd_ascp@fasp.ebi.ac.uk:pride/data/archive/2022/08/PXD034908/190327_P30184_HpH-IDA_F02.wiff.scan
PXD034908	190327_P30184_HpH-IDA_F03.group	297114098	c62b444bc3195b41dedc0921cccb2b0b3bc273b4	SEARCH	2022-06-26T14:39:17.438+00:00	2022-08-25T22:14:12.136+00:00	ftp://ftp.pride.ebi.ac.uk/pride/data/archive/2022/08/PXD034908/190327_P30184_HpH-IDA_F03.group	prd_ascp@fasp.ebi.ac.uk:pride/data/archive/2022/08/PXD034908/190327_P30184_HpH-IDA_F03.group
PXD034908	190327_P30184_HpH-IDA_F03.wiff	17608704	fea08afc859761e8ba7d1a985dd15a5a18101f99	RAW	2022-06-26T14:39:17.438+00:00	2022-08-25T22:14:12.136+00:00	ftp://ftp.pride.ebi.ac.uk/pride/data/archive/2022/08/PXD034908/190327_P30184_HpH-IDA_F03.wiff	prd_ascp@fasp.ebi.ac.uk:pride/data/archive/2022/08/PXD034908/190327_P30184_HpH-IDA_F03.wiff
PXD034908	190327_P30184_HpH-IDA_F03.wiff.scan	791250124	982b9fbb156e58054250b933e5bea54539faf85f	RAW	2022-06-26T14:39:17.438+00:00	2022-08-25T22:14:12.136+00:00	ftp://ftp.pride.ebi.ac.uk/pride/data/archive/2022/08/PXD034908/190327_P30184_HpH-IDA_F03.wiff.scan	prd_ascp@fasp.ebi.ac.uk:pride/data/archive/2022/08/PXD034908/190327_P30184_HpH-IDA_F03.wiff.scan
PXD034908	190327_P30184_HpH-IDA_F04.group	277883737	efb6b4ddf14c723bfc9f2fc97c7139b25b4ace37	SEARCH	2022-06-26T14:39:17.438+00:00	2022-08-25T22:14:12.136+00:00	ftp://ftp.pride.ebi.ac.uk/pride/data/archive/2022/08/PXD034908/190327_P30184_HpH-IDA_F04.group	prd_ascp@fasp.ebi.ac.uk:pride/data/archive/2022/08/PXD034908/190327_P30184_HpH-IDA_F04.group
PXD034908	190327_P30184_HpH-IDA_F04.wiff	16900096	921ee98747c47bc1e6ea554c1f4bdcb868072313	RAW	2022-06-26T14:39:17.438+00:00	2022-08-25T22:14:12.136+00:00	ftp://ftp.pride.ebi.ac.uk/pride/data/archive/2022/08/PXD034908/190327_P30184_HpH-IDA_F04.wiff	prd_ascp@fasp.ebi.ac.uk:pride/data/archive/2022/08/PXD034908/190327_P30184_HpH-IDA_F04.wiff
PXD034908	190327_P30184_HpH-IDA_F04.wiff.scan	798364176	1da74bab37dda9704a283b379fb2db25ab94397c	RAW	2022-06-26T14:39:17.438+00:00	2022-08-25T22:14:12.136+00:00	ftp://ftp.pride.ebi.ac.uk/pride/data/archive/2022/08/PXD034908/190327_P30184_HpH-IDA_F04.wiff.scan	prd_ascp@fasp.ebi.ac.uk:pride/data/archive/2022/08/PXD034908/190327_P30184_HpH-IDA_F04.wiff.scan
PXD034908	190327_P30184_HpH-IDA_F05.group	249398499	6763a5195d203c68a79d92c308ee990be6d721cf	SEARCH	2022-06-26T14:39:17.438+00:00	2022-08-25T22:14:12.136+00:00	ftp://ftp.pride.ebi.ac.uk/pride/data/archive/2022/08/PXD034908/190327_P30184_HpH-IDA_F05.group	prd_ascp@fasp.ebi.ac.uk:pride/data/archive/2022/08/PXD034908/190327_P30184_HpH-IDA_F05.group
PXD034908	190327_P30184_HpH-IDA_F05.wiff	20205568	44955a6597e0f107374383bb4b8ad0f13482875b	RAW	2022-06-26T14:39:17.438+00:00	2022-08-25T22:14:12.136+00:00	ftp://ftp.pride.ebi.ac.uk/pride/data/archive/2022/08/PXD034908/190327_P30184_HpH-IDA_F05.wiff	prd_ascp@fasp.ebi.ac.uk:pride/data/archive/2022/08/PXD034908/190327_P30184_HpH-IDA_F05.wiff
PXD034908	190327_P30184_HpH-IDA_F05.wiff.scan	749180584	e6d7679a4d73a3ee575d7a1b67eeee3512d9550e	RAW	2022-06-26T14:39:17.438+00:00	2022-08-25T22:14:12.136+00:00	ftp://ftp.pride.ebi.ac.uk/pride/data/archive/2022/08/PXD034908/190327_P30184_HpH-IDA_F05.wiff.scan	prd_ascp@fasp.ebi.ac.uk:pride/data/archive/2022/08/PXD034908/190327_P30184_HpH-IDA_F05.wiff.scan
PXD034908	190327_P30184_HpH-IDA_F06.group	338153390	f0836d95adea89a0dc3cde2b0b121a828d0da615	SEARCH	2022-06-26T14:39:17.438+00:00	2022-08-25T22:14:12.136+00:00	ftp://ftp.pride.ebi.ac.uk/pride/data/archive/2022/08/PXD034908/190327_P30184_HpH-IDA_F06.group	prd_ascp@fasp.ebi.ac.uk:pride/data/archive/2022/08/PXD034908/190327_P30184_HpH-IDA_F06.group
PXD034908	190327_P30184_HpH-IDA_F06.wiff	16044032	787ca10843dd4eeb46d4ee03e004f12f73b51b98	RAW	2022-06-26T14:39:17.438+00:00	2022-08-25T22:14:12.136+00:00	ftp://ftp.pride.ebi.ac.uk/pride/data/archive/2022/08/PXD034908/190327_P30184_HpH-IDA_F06.wiff	prd_ascp@fasp.ebi.ac.uk:pride/data/archive/2022/08/PXD034908/190327_P30184_HpH-IDA_F06.wiff
PXD034908	190327_P30184_HpH-IDA_F06.wiff.scan	816220972	5fdb2791db4e93782c46ac19474242277322885d	RAW	2022-06-26T14:39:17.438+00:00	2022-08-25T22:14:12.136+00:00	ftp://ftp.pride.ebi.ac.uk/pride/data/archive/2022/08/PXD034908/190327_P30184_HpH-IDA_F06.wiff.scan	prd_ascp@fasp.ebi.ac.uk:pride/data/archive/2022/08/PXD034908/190327_P30184_HpH-IDA_F06.wiff.scan
PXD034908	190327_P30184_HpH-IDA_F07.group	321843827	19a768c1ecde8b3565e8ec4e0550d8ebed30f6b7	SEARCH	2022-06-26T14:39:17.438+00:00	2022-08-25T22:14:12.136+00:00	ftp://ftp.pride.ebi.ac.uk/pride/data/archive/2022/08/PXD034908/190327_P30184_HpH-IDA_F07.group	prd_ascp@fasp.ebi.ac.uk:pride/data/archive/2022/08/PXD034908/190327_P30184_HpH-IDA_F07.group
PXD034908	190327_P30184_HpH-IDA_F07.wiff	15646720	e433f5e3c33a92962d4d2225ec602be8db2ee18d	RAW	2022-06-26T14:39:17.438+00:00	2022-08-25T22:14:12.136+00:00	ftp://ftp.pride.ebi.ac.uk/pride/data/archive/2022/08/PXD034908/190327_P30184_HpH-IDA_F07.wiff	prd_ascp@fasp.ebi.ac.uk:pride/data/archive/2022/08/PXD034908/190327_P30184_HpH-IDA_F07.wiff
PXD034908	190327_P30184_HpH-IDA_F07.wiff.scan	757332068	45dce88a08a016abe46537db24c4361f85a7281d	RAW	2022-06-26T14:39:17.438+00:00	2022-08-25T22:14:12.136+00:00	ftp://ftp.pride.ebi.ac.uk/pride/data/archive/2022/08/PXD034908/190327_P30184_HpH-IDA_F07.wiff.scan	prd_ascp@fasp.ebi.ac.uk:pride/data/archive/2022/08/PXD034908/190327_P30184_HpH-IDA_F07.wiff.scan
PXD034908	190327_P30184_HpH-IDA_F08.group	321322444	eb1b4e79934cb748aba8ce19d94eababfa175d53	SEARCH	2022-06-26T14:39:17.438+00:00	2022-08-25T22:14:12.136+00:00	ftp://ftp.pride.ebi.ac.uk/pride/data/archive/2022/08/PXD034908/190327_P30184_HpH-IDA_F08.group	prd_ascp@fasp.ebi.ac.uk:pride/data/archive/2022/08/PXD034908/190327_P30184_HpH-IDA_F08.group
PXD034908	190327_P30184_HpH-IDA_F08.wiff	15519744	23cc89e7c2ad8d6116fcafefc1bdc2cd29077833	RAW	2022-06-26T14:39:17.438+00:00	2022-08-25T22:14:12.136+00:00	ftp://ftp.pride.ebi.ac.uk/pride/data/archive/2022/08/PXD034908/190327_P30184_HpH-IDA_F08.wiff	prd_ascp@fasp.ebi.ac.uk:pride/data/archive/2022/08/PXD034908/190327_P30184_HpH-IDA_F08.wiff
PXD034908	190327_P30184_HpH-IDA_F08.wiff.scan	787167540	7762a40f132f08c2218d0ed0570149b409e5fbc4	RAW	2022-06-26T14:39:17.438+00:00	2022-08-25T22:14:12.136+00:00	ftp://ftp.pride.ebi.ac.uk/pride/data/archive/2022/08/PXD034908/190327_P30184_HpH-IDA_F08.wiff.scan	prd_ascp@fasp.ebi.ac.uk:pride/data/archive/2022/08/PXD034908/190327_P30184_HpH-IDA_F08.wiff.scan
PXD034908	190329_P30184_IDA_11B.group	389282050	7d0dc8fa26837d52f35abce0832f2a3c0553853e	SEARCH	2022-06-26T14:39:17.438+00:00	2022-08-25T22:14:12.136+00:00	ftp://ftp.pride.ebi.ac.uk/pride/data/archive/2022/08/PXD034908/190329_P30184_IDA_11B.group	prd_ascp@fasp.ebi.ac.uk:pride/data/archive/2022/08/PXD034908/190329_P30184_IDA_11B.group
PXD034908	190329_P30184_IDA_11B.wiff	14458880	28fa525e9576c6b3ffbe746027e046e775055fc0	RAW	2022-06-26T14:39:17.438+00:00	2022-08-25T22:14:12.136+00:00	ftp://ftp.pride.ebi.ac.uk/pride/data/archive/2022/08/PXD034908/190329_P30184_IDA_11B.wiff	prd_ascp@fasp.ebi.ac.uk:pride/data/archive/2022/08/PXD034908/190329_P30184_IDA_11B.wiff
PXD034908	190329_P30184_IDA_11B.wiff.scan	888031828	80dbd4b25145d9cd334e4005be8bfd4cc9610ba8	RAW	2022-06-26T14:39:17.438+00:00	2022-08-25T22:14:12.136+00:00	ftp://ftp.pride.ebi.ac.uk/pride/data/archive/2022/08/PXD034908/190329_P30184_IDA_11B.wiff.scan	prd_ascp@fasp.ebi.ac.uk:pride/data/archive/2022/08/PXD034908/190329_P30184_IDA_11B.wiff.scan
PXD034908	190329_P30184_SWATH_10-14.wiff	27992064	5abe53a205a5b34f7cbef4f5464884840014d77b	RAW	2022-06-26T14:39:17.438+00:00	2022-08-25T22:14:12.136+00:00	ftp://ftp.pride.ebi.ac.uk/pride/data/archive/2022/08/PXD034908/190329_P30184_SWATH_10-14.wiff	prd_ascp@fasp.ebi.ac.uk:pride/data/archive/2022/08/PXD034908/190329_P30184_SWATH_10-14.wiff
PXD034908	190329_P30184_SWATH_10-14.wiff.scan	2113325332	e9e181a0e7b124940e9ab1fe1fa72b6ba381722c	RAW	2022-06-26T14:39:17.438+00:00	2022-08-25T22:14:12.136+00:00	ftp://ftp.pride.ebi.ac.uk/pride/data/archive/2022/08/PXD034908/190329_P30184_SWATH_10-14.wiff.scan	prd_ascp@fasp.ebi.ac.uk:pride/data/archive/2022/08/PXD034908/190329_P30184_SWATH_10-14.wiff.scan
PXD034908	190329_P30184_SWATH_10-3.wiff	27992064	d14bcaef791ffcf581090c7e1214941606fd522e	RAW	2022-06-26T14:39:17.438+00:00	2022-08-25T22:14:12.136+00:00	ftp://ftp.pride.ebi.ac.uk/pride/data/archive/2022/08/PXD034908/190329_P30184_SWATH_10-3.wiff	prd_ascp@fasp.ebi.ac.uk:pride/data/archive/2022/08/PXD034908/190329_P30184_SWATH_10-3.wiff
PXD034908	190329_P30184_SWATH_10-3.wiff.scan	2021631624	46fe11b98fcdcabc92d9a6307ebb68a6fcdd2897	RAW	2022-06-26T14:39:17.438+00:00	2022-08-25T22:14:12.136+00:00	ftp://ftp.pride.ebi.ac.uk/pride/data/archive/2022/08/PXD034908/190329_P30184_SWATH_10-3.wiff.scan	prd_ascp@fasp.ebi.ac.uk:pride/data/archive/2022/08/PXD034908/190329_P30184_SWATH_10-3.wiff.scan
PXD034908	190329_P30184_SWATH_10B.wiff	27992064	be59504753660e25ff65a1a5f614b4ed9d169cad	RAW	2022-06-26T14:39:17.438+00:00	2022-08-25T22:14:12.136+00:00	ftp://ftp.pride.ebi.ac.uk/pride/data/archive/2022/08/PXD034908/190329_P30184_SWATH_10B.wiff	prd_ascp@fasp.ebi.ac.uk:pride/data/archive/2022/08/PXD034908/190329_P30184_SWATH_10B.wiff
PXD034908	190329_P30184_SWATH_10B.wiff.scan	2192166124	17693c63cb844115ca7663602609d28369df6064	RAW	2022-06-26T14:39:17.438+00:00	2022-08-25T22:14:12.136+00:00	ftp://ftp.pride.ebi.ac.uk/pride/data/archive/2022/08/PXD034908/190329_P30184_SWATH_10B.wiff.scan	prd_ascp@fasp.ebi.ac.uk:pride/data/archive/2022/08/PXD034908/190329_P30184_SWATH_10B.wiff.scan
PXD034908	190329_P30184_SWATH_11-14.wiff	27992064	e7ae4378b34d236c1baed5467a0baf3f442fea24	RAW	2022-06-26T14:39:17.438+00:00	2022-08-25T22:14:12.136+00:00	ftp://ftp.pride.ebi.ac.uk/pride/data/archive/2022/08/PXD034908/190329_P30184_SWATH_11-14.wiff	prd_ascp@fasp.ebi.ac.uk:pride/data/archive/2022/08/PXD034908/190329_P30184_SWATH_11-14.wiff
PXD034908	190329_P30184_SWATH_11-14.wiff.scan	1601329836	13d78860f4ccbab137fb1ba39a5df2fdb3ea32d3	RAW	2022-06-26T14:39:17.438+00:00	2022-08-25T22:14:12.136+00:00	ftp://ftp.pride.ebi.ac.uk/pride/data/archive/2022/08/PXD034908/190329_P30184_SWATH_11-14.wiff.scan	prd_ascp@fasp.ebi.ac.uk:pride/data/archive/2022/08/PXD034908/190329_P30184_SWATH_11-14.wiff.scan
PXD034908	190329_P30184_SWATH_11-3.wiff	27992064	a7bc1522d843bc09125a84fd97628acd488ecaff	RAW	2022-06-26T14:39:17.438+00:00	2022-08-25T22:14:12.136+00:00	ftp://ftp.pride.ebi.ac.uk/pride/data/archive/2022/08/PXD034908/190329_P30184_SWATH_11-3.wiff	prd_ascp@fasp.ebi.ac.uk:pride/data/archive/2022/08/PXD034908/190329_P30184_SWATH_11-3.wiff
PXD034908	190329_P30184_SWATH_11-3.wiff.scan	1761433380	7d64e3d63a386eae980e1a86b5108b204abe999d	RAW	2022-06-26T14:39:17.438+00:00	2022-08-25T22:14:12.136+00:00	ftp://ftp.pride.ebi.ac.uk/pride/data/archive/2022/08/PXD034908/190329_P30184_SWATH_11-3.wiff.scan	prd_ascp@fasp.ebi.ac.uk:pride/data/archive/2022/08/PXD034908/190329_P30184_SWATH_11-3.wiff.scan
PXD034908	190329_P30184_SWATH_11B.wiff	27992064	3726bf1762c1556e0a0fc26db547ba67ee2db99e	RAW	2022-06-26T14:39:17.438+00:00	2022-08-25T22:14:12.136+00:00	ftp://ftp.pride.ebi.ac.uk/pride/data/archive/2022/08/PXD034908/190329_P30184_SWATH_11B.wiff	prd_ascp@fasp.ebi.ac.uk:pride/data/archive/2022/08/PXD034908/190329_P30184_SWATH_11B.wiff
PXD034908	190329_P30184_SWATH_11B.wiff.scan	2061142048	1ea62e6106d4b8f2f3a4f63d4a9a5ff7f4b52e01	RAW	2022-06-26T14:39:17.438+00:00	2022-08-25T22:14:12.136+00:00	ftp://ftp.pride.ebi.ac.uk/pride/data/archive/2022/08/PXD034908/190329_P30184_SWATH_11B.wiff.scan	prd_ascp@fasp.ebi.ac.uk:pride/data/archive/2022/08/PXD034908/190329_P30184_SWATH_11B.wiff.scan
PXD034908	190329_P30184_SWATH_12-14.wiff	27992064	8d4d10e7f43c9f5d2fcb7bc3c7a96c4a8e013bac	RAW	2022-06-26T14:39:17.438+00:00	2022-08-25T22:14:12.136+00:00	ftp://ftp.pride.ebi.ac.uk/pride/data/archive/2022/08/PXD034908/190329_P30184_SWATH_12-14.wiff	prd_ascp@fasp.ebi.ac.uk:pride/data/archive/2022/08/PXD034908/190329_P30184_SWATH_12-14.wiff
PXD034908	190329_P30184_SWATH_12-14.wiff.scan	1765101680	7b9c693022a4998fc04d17ab1a4dc785a87dfe81	RAW	2022-06-26T14:39:17.438+00:00	2022-08-25T22:14:12.136+00:00	ftp://ftp.pride.ebi.ac.uk/pride/data/archive/2022/08/PXD034908/190329_P30184_SWATH_12-14.wiff.scan	prd_ascp@fasp.ebi.ac.uk:pride/data/archive/2022/08/PXD034908/190329_P30184_SWATH_12-14.wiff.scan
PXD034908	190329_P30184_SWATH_12-3.wiff	27992064	4124d97f548cfb1a21dc9418ba4f0d8c762bb85b	RAW	2022-06-26T14:39:17.438+00:00	2022-08-25T22:14:12.136+00:00	ftp://ftp.pride.ebi.ac.uk/pride/data/archive/2022/08/PXD034908/190329_P30184_SWATH_12-3.wiff	prd_ascp@fasp.ebi.ac.uk:pride/data/archive/2022/08/PXD034908/190329_P30184_SWATH_12-3.wiff
PXD034908	190329_P30184_SWATH_12-3.wiff.scan	2038539324	8f5a4c223ffb26e5c3b7ca1c032c8615c1df3abb	RAW	2022-06-26T14:39:17.438+00:00	2022-08-25T22:14:12.136+00:00	ftp://ftp.pride.ebi.ac.uk/pride/data/archive/2022/08/PXD034908/190329_P30184_SWATH_12-3.wiff.scan	prd_ascp@fasp.ebi.ac.uk:pride/data/archive/2022/08/PXD034908/190329_P30184_SWATH_12-3.wiff.scan
PXD034908	190329_P30184_SWATH_12B.wiff	27996160	146d8e049c027da8cd610e758b45b69bd8e0df82	RAW	2022-06-26T14:39:17.438+00:00	2022-08-25T22:14:12.136+00:00	ftp://ftp.pride.ebi.ac.uk/pride/data/archive/2022/08/PXD034908/190329_P30184_SWATH_12B.wiff	prd_ascp@fasp.ebi.ac.uk:pride/data/archive/2022/08/PXD034908/190329_P30184_SWATH_12B.wiff
PXD034908	190329_P30184_SWATH_12B.wiff.scan	2173515956	d24635b90cf5cdabf757ca37b29989438083416e	RAW	2022-06-26T14:39:17.438+00:00	2022-08-25T22:14:12.136+00:00	ftp://ftp.pride.ebi.ac.uk/pride/data/archive/2022/08/PXD034908/190329_P30184_SWATH_12B.wiff.scan	prd_ascp@fasp.ebi.ac.uk:pride/data/archive/2022/08/PXD034908/190329_P30184_SWATH_12B.wiff.scan
PXD034908	190329_P30184_SWATH_14-14.wiff	27992064	70988f35a695511b8e9bc725d8ce464a1071fda9	RAW	2022-06-26T14:39:17.438+00:00	2022-08-25T22:14:12.136+00:00	ftp://ftp.pride.ebi.ac.uk/pride/data/archive/2022/08/PXD034908/190329_P30184_SWATH_14-14.wiff	prd_ascp@fasp.ebi.ac.uk:pride/data/archive/2022/08/PXD034908/190329_P30184_SWATH_14-14.wiff
PXD034908	190329_P30184_SWATH_14-14.wiff.scan	1812333556	ef6f37475efc3067850a9a22b02048f0d451a079	RAW	2022-06-26T14:39:17.438+00:00	2022-08-25T22:14:12.136+00:00	ftp://ftp.pride.ebi.ac.uk/pride/data/archive/2022/08/PXD034908/190329_P30184_SWATH_14-14.wiff.scan	prd_ascp@fasp.ebi.ac.uk:pride/data/archive/2022/08/PXD034908/190329_P30184_SWATH_14-14.wiff.scan
PXD034908	190329_P30184_SWATH_14-3.wiff	27992064	e5db301d95fc6bc1a0f4742158c8c21a7c6559dd	RAW	2022-06-26T14:39:17.438+00:00	2022-08-25T22:14:12.136+00:00	ftp://ftp.pride.ebi.ac.uk/pride/data/archive/2022/08/PXD034908/190329_P30184_SWATH_14-3.wiff	prd_ascp@fasp.ebi.ac.uk:pride/data/archive/2022/08/PXD034908/190329_P30184_SWATH_14-3.wiff
PXD034908	190329_P30184_SWATH_14-3.wiff.scan	2067743104	f5f773bcb86c3feb31bbb4f5b3925fa2f4237e6e	RAW	2022-06-26T14:39:17.438+00:00	2022-08-25T22:14:12.136+00:00	ftp://ftp.pride.ebi.ac.uk/pride/data/archive/2022/08/PXD034908/190329_P30184_SWATH_14-3.wiff.scan	prd_ascp@fasp.ebi.ac.uk:pride/data/archive/2022/08/PXD034908/190329_P30184_SWATH_14-3.wiff.scan
PXD034908	190329_P30184_SWATH_14B.wiff	27992064	bc8970925e6b62d6de38c844695842afb9adadbd	RAW	2022-06-26T14:39:17.438+00:00	2022-08-25T22:14:12.136+00:00	ftp://ftp.pride.ebi.ac.uk/pride/data/archive/2022/08/PXD034908/190329_P30184_SWATH_14B.wiff	prd_ascp@fasp.ebi.ac.uk:pride/data/archive/2022/08/PXD034908/190329_P30184_SWATH_14B.wiff
PXD034908	190329_P30184_SWATH_14B.wiff.scan	2026010116	800cf78b628796bf2449d9578f991ef261594c61	RAW	2022-06-26T14:39:17.438+00:00	2022-08-25T22:14:12.136+00:00	ftp://ftp.pride.ebi.ac.uk/pride/data/archive/2022/08/PXD034908/190329_P30184_SWATH_14B.wiff.scan	prd_ascp@fasp.ebi.ac.uk:pride/data/archive/2022/08/PXD034908/190329_P30184_SWATH_14B.wiff.scan
PXD034908	190329_P30184_SWATH_15-14.wiff	27992064	52e27c542eddf3beebd79892ca4ae465fe6875c5	RAW	2022-06-26T14:39:17.438+00:00	2022-08-25T22:14:12.136+00:00	ftp://ftp.pride.ebi.ac.uk/pride/data/archive/2022/08/PXD034908/190329_P30184_SWATH_15-14.wiff	prd_ascp@fasp.ebi.ac.uk:pride/data/archive/2022/08/PXD034908/190329_P30184_SWATH_15-14.wiff
PXD034908	190329_P30184_SWATH_15-14.wiff.scan	2010880460	8cacab7ce5caa45d941bf115dba82444d932b22c	RAW	2022-06-26T14:39:17.438+00:00	2022-08-25T22:14:12.136+00:00	ftp://ftp.pride.ebi.ac.uk/pride/data/archive/2022/08/PXD034908/190329_P30184_SWATH_15-14.wiff.scan	prd_ascp@fasp.ebi.ac.uk:pride/data/archive/2022/08/PXD034908/190329_P30184_SWATH_15-14.wiff.scan
PXD034908	190329_P30184_SWATH_15-3.wiff	27992064	da154982ef1cf5faa8e358e99996c1a7e9353f69	RAW	2022-06-26T14:39:17.438+00:00	2022-08-25T22:14:12.136+00:00	ftp://ftp.pride.ebi.ac.uk/pride/data/archive/2022/08/PXD034908/190329_P30184_SWATH_15-3.wiff	prd_ascp@fasp.ebi.ac.uk:pride/data/archive/2022/08/PXD034908/190329_P30184_SWATH_15-3.wiff
PXD034908	190329_P30184_SWATH_15-3.wiff.scan	1977957152	b2af057ff688bc806bf91aaa114d20bcb8713bca	RAW	2022-06-26T14:39:17.438+00:00	2022-08-25T22:14:12.136+00:00	ftp://ftp.pride.ebi.ac.uk/pride/data/archive/2022/08/PXD034908/190329_P30184_SWATH_15-3.wiff.scan	prd_ascp@fasp.ebi.ac.uk:pride/data/archive/2022/08/PXD034908/190329_P30184_SWATH_15-3.wiff.scan
PXD034908	190329_P30184_SWATH_15B.wiff	27992064	d2f460a6eb05b2a96a205772428399fcb3bca016	RAW	2022-06-26T14:39:17.438+00:00	2022-08-25T22:14:12.136+00:00	ftp://ftp.pride.ebi.ac.uk/pride/data/archive/2022/08/PXD034908/190329_P30184_SWATH_15B.wiff	prd_ascp@fasp.ebi.ac.uk:pride/data/archive/2022/08/PXD034908/190329_P30184_SWATH_15B.wiff
PXD034908	190329_P30184_SWATH_15B.wiff.scan	1996998372	26701879fb2de5da85a19c9a5775d33142ba70d7	RAW	2022-06-26T14:39:17.438+00:00	2022-08-25T22:14:12.136+00:00	ftp://ftp.pride.ebi.ac.uk/pride/data/archive/2022/08/PXD034908/190329_P30184_SWATH_15B.wiff.scan	prd_ascp@fasp.ebi.ac.uk:pride/data/archive/2022/08/PXD034908/190329_P30184_SWATH_15B.wiff.scan
PXD034908	190329_P30184_SWATH_16-14.wiff	27996160	69833cbf92d984dcff33c2d0788c7655071067ea	RAW	2022-06-26T14:39:17.438+00:00	2022-08-25T22:14:12.136+00:00	ftp://ftp.pride.ebi.ac.uk/pride/data/archive/2022/08/PXD034908/190329_P30184_SWATH_16-14.wiff	prd_ascp@fasp.ebi.ac.uk:pride/data/archive/2022/08/PXD034908/190329_P30184_SWATH_16-14.wiff
PXD034908	190329_P30184_SWATH_16-14.wiff.scan	2067228588	b2a55b5d6181d0a9f55fc7de87b3e49e79f0184e	RAW	2022-06-26T14:39:17.438+00:00	2022-08-25T22:14:12.136+00:00	ftp://ftp.pride.ebi.ac.uk/pride/data/archive/2022/08/PXD034908/190329_P30184_SWATH_16-14.wiff.scan	prd_ascp@fasp.ebi.ac.uk:pride/data/archive/2022/08/PXD034908/190329_P30184_SWATH_16-14.wiff.scan
PXD034908	190329_P30184_SWATH_16-3.wiff	27992064	c2f6c8d31d1281c070924d9041ce7ba6b498a6fc	RAW	2022-06-26T14:39:17.438+00:00	2022-08-25T22:14:12.136+00:00	ftp://ftp.pride.ebi.ac.uk/pride/data/archive/2022/08/PXD034908/190329_P30184_SWATH_16-3.wiff	prd_ascp@fasp.ebi.ac.uk:pride/data/archive/2022/08/PXD034908/190329_P30184_SWATH_16-3.wiff
PXD034908	190329_P30184_SWATH_16-3.wiff.scan	2009881992	d060436fb6ad1ce0c959f7fd7c0aae5b19756eb4	RAW	2022-06-26T14:39:17.438+00:00	2022-08-25T22:14:12.136+00:00	ftp://ftp.pride.ebi.ac.uk/pride/data/archive/2022/08/PXD034908/190329_P30184_SWATH_16-3.wiff.scan	prd_ascp@fasp.ebi.ac.uk:pride/data/archive/2022/08/PXD034908/190329_P30184_SWATH_16-3.wiff.scan
PXD034908	190329_P30184_SWATH_16B.wiff	27992064	e176f2f9c13539e447dd040d5bc9c48b8e43b81b	RAW	2022-06-26T14:39:17.438+00:00	2022-08-25T22:14:12.136+00:00	ftp://ftp.pride.ebi.ac.uk/pride/data/archive/2022/08/PXD034908/190329_P30184_SWATH_16B.wiff	prd_ascp@fasp.ebi.ac.uk:pride/data/archive/2022/08/PXD034908/190329_P30184_SWATH_16B.wiff
PXD034908	190329_P30184_SWATH_16B.wiff.scan	2170495148	96b67c1d8ebb6fe2a9f54afa7bbc78e1f7b2084a	RAW	2022-06-26T14:39:17.438+00:00	2022-08-25T22:14:12.136+00:00	ftp://ftp.pride.ebi.ac.uk/pride/data/archive/2022/08/PXD034908/190329_P30184_SWATH_16B.wiff.scan	prd_ascp@fasp.ebi.ac.uk:pride/data/archive/2022/08/PXD034908/190329_P30184_SWATH_16B.wiff.scan
PXD034908	190329_P30184_SWATH_17-14.wiff	27992064	dc932337d19f6d39260a36aad00776b60717e381	RAW	2022-06-26T14:39:17.438+00:00	2022-08-25T22:14:12.136+00:00	ftp://ftp.pride.ebi.ac.uk/pride/data/archive/2022/08/PXD034908/190329_P30184_SWATH_17-14.wiff	prd_ascp@fasp.ebi.ac.uk:pride/data/archive/2022/08/PXD034908/190329_P30184_SWATH_17-14.wiff
PXD034908	190329_P30184_SWATH_17-14.wiff.scan	1921602984	f1e8fe4afd0b7251234e7b5205449d8e8b2bd29c	RAW	2022-06-26T14:39:17.438+00:00	2022-08-25T22:14:12.136+00:00	ftp://ftp.pride.ebi.ac.uk/pride/data/archive/2022/08/PXD034908/190329_P30184_SWATH_17-14.wiff.scan	prd_ascp@fasp.ebi.ac.uk:pride/data/archive/2022/08/PXD034908/190329_P30184_SWATH_17-14.wiff.scan
PXD034908	190329_P30184_SWATH_17-3.wiff	27992064	251862c98f446e6bff260d21cb9cdd579ca17d5f	RAW	2022-06-26T14:39:17.438+00:00	2022-08-25T22:14:12.136+00:00	ftp://ftp.pride.ebi.ac.uk/pride/data/archive/2022/08/PXD034908/190329_P30184_SWATH_17-3.wiff	prd_ascp@fasp.ebi.ac.uk:pride/data/archive/2022/08/PXD034908/190329_P30184_SWATH_17-3.wiff
PXD034908	190329_P30184_SWATH_17-3.wiff.scan	1846801488	455e3cd97adae737fa7063e33f574d5e9a9a3391	RAW	2022-06-26T14:39:17.438+00:00	2022-08-25T22:14:12.136+00:00	ftp://ftp.pride.ebi.ac.uk/pride/data/archive/2022/08/PXD034908/190329_P30184_SWATH_17-3.wiff.scan	prd_ascp@fasp.ebi.ac.uk:pride/data/archive/2022/08/PXD034908/190329_P30184_SWATH_17-3.wiff.scan
PXD034908	190329_P30184_SWATH_17B.wiff	27992064	5aa8ec650f82b50664600f9afadd6009f7f2fea7	RAW	2022-06-26T14:39:17.438+00:00	2022-08-25T22:14:12.136+00:00	ftp://ftp.pride.ebi.ac.uk/pride/data/archive/2022/08/PXD034908/190329_P30184_SWATH_17B.wiff	prd_ascp@fasp.ebi.ac.uk:pride/data/archive/2022/08/PXD034908/190329_P30184_SWATH_17B.wiff
PXD034908	190329_P30184_SWATH_17B.wiff.scan	1952186252	e5db4bb60a20c877a658dacea81cf103fb449e4d	RAW	2022-06-26T14:39:17.438+00:00	2022-08-25T22:14:12.136+00:00	ftp://ftp.pride.ebi.ac.uk/pride/data/archive/2022/08/PXD034908/190329_P30184_SWATH_17B.wiff.scan	prd_ascp@fasp.ebi.ac.uk:pride/data/archive/2022/08/PXD034908/190329_P30184_SWATH_17B.wiff.scan
PXD034908	190329_P30184_SWATH_18-14.wiff	27992064	004ed38c2a4342fd11e60af6f7503920c351b3b8	RAW	2022-06-26T14:39:17.438+00:00	2022-08-25T22:14:12.136+00:00	ftp://ftp.pride.ebi.ac.uk/pride/data/archive/2022/08/PXD034908/190329_P30184_SWATH_18-14.wiff	prd_ascp@fasp.ebi.ac.uk:pride/data/archive/2022/08/PXD034908/190329_P30184_SWATH_18-14.wiff
PXD034908	190329_P30184_SWATH_18-14.wiff.scan	1694531648	29bad83b65802ced7911ac5d3c5420d03958c807	RAW	2022-06-26T14:39:17.438+00:00	2022-08-25T22:14:12.136+00:00	ftp://ftp.pride.ebi.ac.uk/pride/data/archive/2022/08/PXD034908/190329_P30184_SWATH_18-14.wiff.scan	prd_ascp@fasp.ebi.ac.uk:pride/data/archive/2022/08/PXD034908/190329_P30184_SWATH_18-14.wiff.scan
PXD034908	190329_P30184_SWATH_18-3.wiff	27992064	10843e2ea09be26e6ea2e64566145748f3887c50	RAW	2022-06-26T14:39:17.438+00:00	2022-08-25T22:14:12.136+00:00	ftp://ftp.pride.ebi.ac.uk/pride/data/archive/2022/08/PXD034908/190329_P30184_SWATH_18-3.wiff	prd_ascp@fasp.ebi.ac.uk:pride/data/archive/2022/08/PXD034908/190329_P30184_SWATH_18-3.wiff
PXD034908	190329_P30184_SWATH_18-3.wiff.scan	2061711124	bf1151ad0b51bcad1ac00211f06a2ce01b21652c	RAW	2022-06-26T14:39:17.438+00:00	2022-08-25T22:14:12.136+00:00	ftp://ftp.pride.ebi.ac.uk/pride/data/archive/2022/08/PXD034908/190329_P30184_SWATH_18-3.wiff.scan	prd_ascp@fasp.ebi.ac.uk:pride/data/archive/2022/08/PXD034908/190329_P30184_SWATH_18-3.wiff.scan
PXD034908	190329_P30184_SWATH_18B.wiff	27992064	59f5e55056c2b517f018b45fc155d82f23b835c3	RAW	2022-06-26T14:39:17.438+00:00	2022-08-25T22:14:12.136+00:00	ftp://ftp.pride.ebi.ac.uk/pride/data/archive/2022/08/PXD034908/190329_P30184_SWATH_18B.wiff	prd_ascp@fasp.ebi.ac.uk:pride/data/archive/2022/08/PXD034908/190329_P30184_SWATH_18B.wiff
PXD034908	190329_P30184_SWATH_18B.wiff.scan	1911150580	4315a373c704430a1b8a30c6059f1d9ff7ace7a4	RAW	2022-06-26T14:39:17.438+00:00	2022-08-25T22:14:12.136+00:00	ftp://ftp.pride.ebi.ac.uk/pride/data/archive/2022/08/PXD034908/190329_P30184_SWATH_18B.wiff.scan	prd_ascp@fasp.ebi.ac.uk:pride/data/archive/2022/08/PXD034908/190329_P30184_SWATH_18B.wiff.scan
PXD034908	190329_P30184_SWATH_19-14.wiff	27992064	c7600c0e2e94cd57a604025ba8e0406a66b93f6e	RAW	2022-06-26T14:39:17.438+00:00	2022-08-25T22:14:12.136+00:00	ftp://ftp.pride.ebi.ac.uk/pride/data/archive/2022/08/PXD034908/190329_P30184_SWATH_19-14.wiff	prd_ascp@fasp.ebi.ac.uk:pride/data/archive/2022/08/PXD034908/190329_P30184_SWATH_19-14.wiff
PXD034908	190329_P30184_SWATH_19-14.wiff.scan	1917300156	e8b08cbebdb0c7bb1093dea114613339064bf1ed	RAW	2022-06-26T14:39:17.438+00:00	2022-08-25T22:14:12.136+00:00	ftp://ftp.pride.ebi.ac.uk/pride/data/archive/2022/08/PXD034908/190329_P30184_SWATH_19-14.wiff.scan	prd_ascp@fasp.ebi.ac.uk:pride/data/archive/2022/08/PXD034908/190329_P30184_SWATH_19-14.wiff.scan
PXD034908	190329_P30184_SWATH_19-3.wiff	27992064	92c0209e8e64cf8126b42ee88cf06e1e801c2e3c	RAW	2022-06-26T14:39:17.438+00:00	2022-08-25T22:14:12.136+00:00	ftp://ftp.pride.ebi.ac.uk/pride/data/archive/2022/08/PXD034908/190329_P30184_SWATH_19-3.wiff	prd_ascp@fasp.ebi.ac.uk:pride/data/archive/2022/08/PXD034908/190329_P30184_SWATH_19-3.wiff
PXD034908	190329_P30184_SWATH_19-3.wiff.scan	2159498448	c2c22da70040fb0010dc75da38d8742618ccb6ff	RAW	2022-06-26T14:39:17.438+00:00	2022-08-25T22:14:12.136+00:00	ftp://ftp.pride.ebi.ac.uk/pride/data/archive/2022/08/PXD034908/190329_P30184_SWATH_19-3.wiff.scan	prd_ascp@fasp.ebi.ac.uk:pride/data/archive/2022/08/PXD034908/190329_P30184_SWATH_19-3.wiff.scan
PXD034908	190329_P30184_SWATH_19B.wiff	27992064	5c660ce9f70d924fa3126c84de3f67adf7aa078f	RAW	2022-06-26T14:39:17.438+00:00	2022-08-25T22:14:12.136+00:00	ftp://ftp.pride.ebi.ac.uk/pride/data/archive/2022/08/PXD034908/190329_P30184_SWATH_19B.wiff	prd_ascp@fasp.ebi.ac.uk:pride/data/archive/2022/08/PXD034908/190329_P30184_SWATH_19B.wiff
PXD034908	190329_P30184_SWATH_19B.wiff.scan	1799250936	8218302d03bdd14fa64f1bb2aba3363836b3eef5	RAW	2022-06-26T14:39:17.438+00:00	2022-08-25T22:14:12.136+00:00	ftp://ftp.pride.ebi.ac.uk/pride/data/archive/2022/08/PXD034908/190329_P30184_SWATH_19B.wiff.scan	prd_ascp@fasp.ebi.ac.uk:pride/data/archive/2022/08/PXD034908/190329_P30184_SWATH_19B.wiff.scan
PXD034908	190329_P30184_SWATH_2-14.wiff	27992064	d04f01857b20070b0d3fc153b76793b121fee7e3	RAW	2022-06-26T14:39:17.438+00:00	2022-08-25T22:14:12.136+00:00	ftp://ftp.pride.ebi.ac.uk/pride/data/archive/2022/08/PXD034908/190329_P30184_SWATH_2-14.wiff	prd_ascp@fasp.ebi.ac.uk:pride/data/archive/2022/08/PXD034908/190329_P30184_SWATH_2-14.wiff
PXD034908	190329_P30184_SWATH_2-14.wiff.scan	2212983144	ae3b72bdf1453ac054e75d0edcdd827bd74db1ff	RAW	2022-06-26T14:39:17.438+00:00	2022-08-25T22:14:12.136+00:00	ftp://ftp.pride.ebi.ac.uk/pride/data/archive/2022/08/PXD034908/190329_P30184_SWATH_2-14.wiff.scan	prd_ascp@fasp.ebi.ac.uk:pride/data/archive/2022/08/PXD034908/190329_P30184_SWATH_2-14.wiff.scan
PXD034908	190329_P30184_SWATH_2-3.wiff	27992064	77a3e49690e9d8bf63a2b8ab9aeafcbda24d7f5a	RAW	2022-06-26T14:39:17.438+00:00	2022-08-25T22:14:12.136+00:00	ftp://ftp.pride.ebi.ac.uk/pride/data/archive/2022/08/PXD034908/190329_P30184_SWATH_2-3.wiff	prd_ascp@fasp.ebi.ac.uk:pride/data/archive/2022/08/PXD034908/190329_P30184_SWATH_2-3.wiff
PXD034908	190329_P30184_SWATH_2-3.wiff.scan	2258270200	e5dcaf86492eea30801889b73836c28d8d801032	RAW	2022-06-26T14:39:17.438+00:00	2022-08-25T22:14:12.136+00:00	ftp://ftp.pride.ebi.ac.uk/pride/data/archive/2022/08/PXD034908/190329_P30184_SWATH_2-3.wiff.scan	prd_ascp@fasp.ebi.ac.uk:pride/data/archive/2022/08/PXD034908/190329_P30184_SWATH_2-3.wiff.scan
PXD034908	190329_P30184_SWATH_21-14.wiff	27992064	e9277da7eae454fd732b38d539a0048beaa811c5	RAW	2022-06-26T14:39:17.438+00:00	2022-08-25T22:14:12.136+00:00	ftp://ftp.pride.ebi.ac.uk/pride/data/archive/2022/08/PXD034908/190329_P30184_SWATH_21-14.wiff	prd_ascp@fasp.ebi.ac.uk:pride/data/archive/2022/08/PXD034908/190329_P30184_SWATH_21-14.wiff
PXD034908	190329_P30184_SWATH_21-14.wiff.scan	1987271044	7850e86b1cfe4239bf07f807ec61cf77c511060b	RAW	2022-06-26T14:39:17.438+00:00	2022-08-25T22:14:12.136+00:00	ftp://ftp.pride.ebi.ac.uk/pride/data/archive/2022/08/PXD034908/190329_P30184_SWATH_21-14.wiff.scan	prd_ascp@fasp.ebi.ac.uk:pride/data/archive/2022/08/PXD034908/190329_P30184_SWATH_21-14.wiff.scan
PXD034908	190329_P30184_SWATH_21-3.wiff	27992064	67025fd5d0fa997ace5e2779ed1de9e94d11e39d	RAW	2022-06-26T14:39:17.438+00:00	2022-08-25T22:14:12.136+00:00	ftp://ftp.pride.ebi.ac.uk/pride/data/archive/2022/08/PXD034908/190329_P30184_SWATH_21-3.wiff	prd_ascp@fasp.ebi.ac.uk:pride/data/archive/2022/08/PXD034908/190329_P30184_SWATH_21-3.wiff
PXD034908	190329_P30184_SWATH_21-3.wiff.scan	1726743276	c8b84a5eb5fbc3483b25c05f0f8e1cc5ffdeaeea	RAW	2022-06-26T14:39:17.438+00:00	2022-08-25T22:14:12.136+00:00	ftp://ftp.pride.ebi.ac.uk/pride/data/archive/2022/08/PXD034908/190329_P30184_SWATH_21-3.wiff.scan	prd_ascp@fasp.ebi.ac.uk:pride/data/archive/2022/08/PXD034908/190329_P30184_SWATH_21-3.wiff.scan
PXD034908	190329_P30184_SWATH_21B.wiff	27992064	869a7f4c03c5605b0d074428a46b9d6e9620bc1b	RAW	2022-06-26T14:39:17.438+00:00	2022-08-25T22:14:12.136+00:00	ftp://ftp.pride.ebi.ac.uk/pride/data/archive/2022/08/PXD034908/190329_P30184_SWATH_21B.wiff	prd_ascp@fasp.ebi.ac.uk:pride/data/archive/2022/08/PXD034908/190329_P30184_SWATH_21B.wiff
PXD034908	190329_P30184_SWATH_21B.wiff.scan	1741619172	418658e56d84e4f1dd3023a5476806903ce4c2b8	RAW	2022-06-26T14:39:17.438+00:00	2022-08-25T22:14:12.136+00:00	ftp://ftp.pride.ebi.ac.uk/pride/data/archive/2022/08/PXD034908/190329_P30184_SWATH_21B.wiff.scan	prd_ascp@fasp.ebi.ac.uk:pride/data/archive/2022/08/PXD034908/190329_P30184_SWATH_21B.wiff.scan
PXD034908	190329_P30184_SWATH_2B.wiff	27992064	1951af68ca1219084327824110ca1974e05620b5	RAW	2022-06-26T14:39:17.438+00:00	2022-08-25T22:14:12.136+00:00	ftp://ftp.pride.ebi.ac.uk/pride/data/archive/2022/08/PXD034908/190329_P30184_SWATH_2B.wiff	prd_ascp@fasp.ebi.ac.uk:pride/data/archive/2022/08/PXD034908/190329_P30184_SWATH_2B.wiff
PXD034908	190329_P30184_SWATH_2B.wiff.scan	2215081048	43bf1477910f64e7d7216249c4b59d52722974fa	RAW	2022-06-26T14:39:17.438+00:00	2022-08-25T22:14:12.136+00:00	ftp://ftp.pride.ebi.ac.uk/pride/data/archive/2022/08/PXD034908/190329_P30184_SWATH_2B.wiff.scan	prd_ascp@fasp.ebi.ac.uk:pride/data/archive/2022/08/PXD034908/190329_P30184_SWATH_2B.wiff.scan
PXD034908	190329_P30184_SWATH_3-14.wiff	27992064	f41b6b178ad8256ca30c93c5a3d24b2c23a69507	RAW	2022-06-26T14:39:17.438+00:00	2022-08-25T22:14:12.136+00:00	ftp://ftp.pride.ebi.ac.uk/pride/data/archive/2022/08/PXD034908/190329_P30184_SWATH_3-14.wiff	prd_ascp@fasp.ebi.ac.uk:pride/data/archive/2022/08/PXD034908/190329_P30184_SWATH_3-14.wiff
PXD034908	190329_P30184_SWATH_3-14.wiff.scan	2065056032	7ced96a2b13cdc92d35b5a1601bf4900c3c8cfa6	RAW	2022-06-26T14:39:17.438+00:00	2022-08-25T22:14:12.136+00:00	ftp://ftp.pride.ebi.ac.uk/pride/data/archive/2022/08/PXD034908/190329_P30184_SWATH_3-14.wiff.scan	prd_ascp@fasp.ebi.ac.uk:pride/data/archive/2022/08/PXD034908/190329_P30184_SWATH_3-14.wiff.scan
PXD034908	190329_P30184_SWATH_3-3.wiff	27992064	bf5b7e03f7dcc0f7ca0e1e5d90ab066406a6277a	RAW	2022-06-26T14:39:17.438+00:00	2022-08-25T22:14:12.136+00:00	ftp://ftp.pride.ebi.ac.uk/pride/data/archive/2022/08/PXD034908/190329_P30184_SWATH_3-3.wiff	prd_ascp@fasp.ebi.ac.uk:pride/data/archive/2022/08/PXD034908/190329_P30184_SWATH_3-3.wiff
PXD034908	190329_P30184_SWATH_3-3.wiff.scan	1972529112	10003f99441fb8f4a5c40bc1d2a1b577156d21bb	RAW	2022-06-26T14:39:17.438+00:00	2022-08-25T22:14:12.136+00:00	ftp://ftp.pride.ebi.ac.uk/pride/data/archive/2022/08/PXD034908/190329_P30184_SWATH_3-3.wiff.scan	prd_ascp@fasp.ebi.ac.uk:pride/data/archive/2022/08/PXD034908/190329_P30184_SWATH_3-3.wiff.scan
PXD034908	190329_P30184_SWATH_3B.wiff	27992064	35c76e6a1be2f8944a5f88f1fdee551103665cb8	RAW	2022-06-26T14:39:17.438+00:00	2022-08-25T22:14:12.136+00:00	ftp://ftp.pride.ebi.ac.uk/pride/data/archive/2022/08/PXD034908/190329_P30184_SWATH_3B.wiff	prd_ascp@fasp.ebi.ac.uk:pride/data/archive/2022/08/PXD034908/190329_P30184_SWATH_3B.wiff
PXD034908	190329_P30184_SWATH_3B.wiff.scan	2205801776	c164b5ff22cdd43e3d938fd3ecc132161e1566d6	RAW	2022-06-26T14:39:17.438+00:00	2022-08-25T22:14:12.136+00:00	ftp://ftp.pride.ebi.ac.uk/pride/data/archive/2022/08/PXD034908/190329_P30184_SWATH_3B.wiff.scan	prd_ascp@fasp.ebi.ac.uk:pride/data/archive/2022/08/PXD034908/190329_P30184_SWATH_3B.wiff.scan
PXD034908	190329_P30184_SWATH_4-14.wiff	27992064	4effd2e83629573bf76d4742ba03ff599fb967b3	RAW	2022-06-26T14:39:17.438+00:00	2022-08-25T22:14:12.136+00:00	ftp://ftp.pride.ebi.ac.uk/pride/data/archive/2022/08/PXD034908/190329_P30184_SWATH_4-14.wiff	prd_ascp@fasp.ebi.ac.uk:pride/data/archive/2022/08/PXD034908/190329_P30184_SWATH_4-14.wiff
PXD034908	190329_P30184_SWATH_4-14.wiff.scan	1980277336	29360d598ba0fe49614389d169de174b29e0f735	RAW	2022-06-26T14:39:17.438+00:00	2022-08-25T22:14:12.136+00:00	ftp://ftp.pride.ebi.ac.uk/pride/data/archive/2022/08/PXD034908/190329_P30184_SWATH_4-14.wiff.scan	prd_ascp@fasp.ebi.ac.uk:pride/data/archive/2022/08/PXD034908/190329_P30184_SWATH_4-14.wiff.scan
PXD034908	190329_P30184_SWATH_4-3.wiff	27992064	7edd08f92d9c20eb4cfc9a9c556274e2279f2f7b	RAW	2022-06-26T14:39:17.438+00:00	2022-08-25T22:14:12.136+00:00	ftp://ftp.pride.ebi.ac.uk/pride/data/archive/2022/08/PXD034908/190329_P30184_SWATH_4-3.wiff	prd_ascp@fasp.ebi.ac.uk:pride/data/archive/2022/08/PXD034908/190329_P30184_SWATH_4-3.wiff
PXD034908	190329_P30184_SWATH_4-3.wiff.scan	1974509972	0ac58ac455b818b03b4e674e1403f7406d8e857c	RAW	2022-06-26T14:39:17.438+00:00	2022-08-25T22:14:12.136+00:00	ftp://ftp.pride.ebi.ac.uk/pride/data/archive/2022/08/PXD034908/190329_P30184_SWATH_4-3.wiff.scan	prd_ascp@fasp.ebi.ac.uk:pride/data/archive/2022/08/PXD034908/190329_P30184_SWATH_4-3.wiff.scan
PXD034908	190329_P30184_SWATH_4B.wiff	27996160	23835732d66120c1407aeda7db795759bab0f416	RAW	2022-06-26T14:39:17.438+00:00	2022-08-25T22:14:12.136+00:00	ftp://ftp.pride.ebi.ac.uk/pride/data/archive/2022/08/PXD034908/190329_P30184_SWATH_4B.wiff	prd_ascp@fasp.ebi.ac.uk:pride/data/archive/2022/08/PXD034908/190329_P30184_SWATH_4B.wiff
PXD034908	190329_P30184_SWATH_4B.wiff.scan	2012984948	dce433dcd0d8eefa856dd15ef80627cb14126560	RAW	2022-06-26T14:39:17.438+00:00	2022-08-25T22:14:12.136+00:00	ftp://ftp.pride.ebi.ac.uk/pride/data/archive/2022/08/PXD034908/190329_P30184_SWATH_4B.wiff.scan	prd_ascp@fasp.ebi.ac.uk:pride/data/archive/2022/08/PXD034908/190329_P30184_SWATH_4B.wiff.scan
PXD034908	190329_P30184_SWATH_5-14.wiff	27992064	bcfe33e89d15394dec718dc65674ab65fbc4a928	RAW	2022-06-26T14:39:17.438+00:00	2022-08-25T22:14:12.136+00:00	ftp://ftp.pride.ebi.ac.uk/pride/data/archive/2022/08/PXD034908/190329_P30184_SWATH_5-14.wiff	prd_ascp@fasp.ebi.ac.uk:pride/data/archive/2022/08/PXD034908/190329_P30184_SWATH_5-14.wiff
PXD034908	190329_P30184_SWATH_5-14.wiff.scan	1985099136	60ab4b7335351958010f80ec01523c02304af996	RAW	2022-06-26T14:39:17.438+00:00	2022-08-25T22:14:12.136+00:00	ftp://ftp.pride.ebi.ac.uk/pride/data/archive/2022/08/PXD034908/190329_P30184_SWATH_5-14.wiff.scan	prd_ascp@fasp.ebi.ac.uk:pride/data/archive/2022/08/PXD034908/190329_P30184_SWATH_5-14.wiff.scan
PXD034908	190329_P30184_SWATH_5-3.wiff	27996160	1b49679f65607895015f7964f814357e7b3ffa58	RAW	2022-06-26T14:39:17.438+00:00	2022-08-25T22:14:12.136+00:00	ftp://ftp.pride.ebi.ac.uk/pride/data/archive/2022/08/PXD034908/190329_P30184_SWATH_5-3.wiff	prd_ascp@fasp.ebi.ac.uk:pride/data/archive/2022/08/PXD034908/190329_P30184_SWATH_5-3.wiff
PXD034908	190329_P30184_SWATH_5-3.wiff.scan	2148692416	8f014bb8acf72447aba9bf862fc2053209123571	RAW	2022-06-26T14:39:17.438+00:00	2022-08-25T22:14:12.136+00:00	ftp://ftp.pride.ebi.ac.uk/pride/data/archive/2022/08/PXD034908/190329_P30184_SWATH_5-3.wiff.scan	prd_ascp@fasp.ebi.ac.uk:pride/data/archive/2022/08/PXD034908/190329_P30184_SWATH_5-3.wiff.scan
PXD034908	190329_P30184_SWATH_5B.wiff	27992064	9aa8eddfcbebe5b4a98f7a2e0c7c1f3b475645d1	RAW	2022-06-26T14:39:17.438+00:00	2022-08-25T22:14:12.136+00:00	ftp://ftp.pride.ebi.ac.uk/pride/data/archive/2022/08/PXD034908/190329_P30184_SWATH_5B.wiff	prd_ascp@fasp.ebi.ac.uk:pride/data/archive/2022/08/PXD034908/190329_P30184_SWATH_5B.wiff
PXD034908	190329_P30184_SWATH_5B.wiff.scan	1899732184	55978eef25eb25bd3a412d3f8907049a55d6d94b	RAW	2022-06-26T14:39:17.438+00:00	2022-08-25T22:14:12.136+00:00	ftp://ftp.pride.ebi.ac.uk/pride/data/archive/2022/08/PXD034908/190329_P30184_SWATH_5B.wiff.scan	prd_ascp@fasp.ebi.ac.uk:pride/data/archive/2022/08/PXD034908/190329_P30184_SWATH_5B.wiff.scan
PXD034908	190329_P30184_SWATH_6-14.wiff	27992064	56c9967afb14312ef2ac042222af82beaaf48ded	RAW	2022-06-26T14:39:17.438+00:00	2022-08-25T22:14:12.136+00:00	ftp://ftp.pride.ebi.ac.uk/pride/data/archive/2022/08/PXD034908/190329_P30184_SWATH_6-14.wiff	prd_ascp@fasp.ebi.ac.uk:pride/data/archive/2022/08/PXD034908/190329_P30184_SWATH_6-14.wiff
PXD034908	190329_P30184_SWATH_6-14.wiff.scan	2085013820	00cc4cf37312ca3c4850bd29b01287bbc4eeebcd	RAW	2022-06-26T14:39:17.438+00:00	2022-08-25T22:14:12.136+00:00	ftp://ftp.pride.ebi.ac.uk/pride/data/archive/2022/08/PXD034908/190329_P30184_SWATH_6-14.wiff.scan	prd_ascp@fasp.ebi.ac.uk:pride/data/archive/2022/08/PXD034908/190329_P30184_SWATH_6-14.wiff.scan
PXD034908	190329_P30184_SWATH_6-3.wiff	27992064	049fce9297c6ed09c737846e619f4f1bfa073119	RAW	2022-06-26T14:39:17.438+00:00	2022-08-25T22:14:12.136+00:00	ftp://ftp.pride.ebi.ac.uk/pride/data/archive/2022/08/PXD034908/190329_P30184_SWATH_6-3.wiff	prd_ascp@fasp.ebi.ac.uk:pride/data/archive/2022/08/PXD034908/190329_P30184_SWATH_6-3.wiff
PXD034908	190329_P30184_SWATH_6-3.wiff.scan	1875481112	3dceea6063c198ffd34e59a2f296f27410fe0852	RAW	2022-06-26T14:39:17.438+00:00	2022-08-25T22:14:12.136+00:00	ftp://ftp.pride.ebi.ac.uk/pride/data/archive/2022/08/PXD034908/190329_P30184_SWATH_6-3.wiff.scan	prd_ascp@fasp.ebi.ac.uk:pride/data/archive/2022/08/PXD034908/190329_P30184_SWATH_6-3.wiff.scan
PXD034908	190329_P30184_SWATH_6B.wiff	27992064	2dbb8249c54a71d2bfa81ab623e3630faba66bdb	RAW	2022-06-26T14:39:17.438+00:00	2022-08-25T22:14:12.136+00:00	ftp://ftp.pride.ebi.ac.uk/pride/data/archive/2022/08/PXD034908/190329_P30184_SWATH_6B.wiff	prd_ascp@fasp.ebi.ac.uk:pride/data/archive/2022/08/PXD034908/190329_P30184_SWATH_6B.wiff
PXD034908	190329_P30184_SWATH_6B.wiff.scan	1998217552	5b0cbdd04cba94532ba50863a7f8d009dca9fe4f	RAW	2022-06-26T14:39:17.438+00:00	2022-08-25T22:14:12.136+00:00	ftp://ftp.pride.ebi.ac.uk/pride/data/archive/2022/08/PXD034908/190329_P30184_SWATH_6B.wiff.scan	prd_ascp@fasp.ebi.ac.uk:pride/data/archive/2022/08/PXD034908/190329_P30184_SWATH_6B.wiff.scan
PXD034908	190329_P30184_SWATH_7-14.wiff	27992064	382b9ef3279554b7b72abb756ccb3e1688ecf15b	RAW	2022-06-26T14:39:17.438+00:00	2022-08-25T22:14:12.136+00:00	ftp://ftp.pride.ebi.ac.uk/pride/data/archive/2022/08/PXD034908/190329_P30184_SWATH_7-14.wiff	prd_ascp@fasp.ebi.ac.uk:pride/data/archive/2022/08/PXD034908/190329_P30184_SWATH_7-14.wiff
PXD034908	190329_P30184_SWATH_7-14.wiff.scan	2052730104	f20bf8182fb188ed3f12f97c184e1bbf7a1a8179	RAW	2022-06-26T14:39:17.438+00:00	2022-08-25T22:14:12.136+00:00	ftp://ftp.pride.ebi.ac.uk/pride/data/archive/2022/08/PXD034908/190329_P30184_SWATH_7-14.wiff.scan	prd_ascp@fasp.ebi.ac.uk:pride/data/archive/2022/08/PXD034908/190329_P30184_SWATH_7-14.wiff.scan
PXD034908	190329_P30184_SWATH_7-3.wiff	27992064	29edc9c1ead1637d579850f6f195a9e72c0c44be	RAW	2022-06-26T14:39:17.438+00:00	2022-08-25T22:14:12.136+00:00	ftp://ftp.pride.ebi.ac.uk/pride/data/archive/2022/08/PXD034908/190329_P30184_SWATH_7-3.wiff	prd_ascp@fasp.ebi.ac.uk:pride/data/archive/2022/08/PXD034908/190329_P30184_SWATH_7-3.wiff
PXD034908	190329_P30184_SWATH_7-3.wiff.scan	2198917784	e7e8daef8b936790f9b77c58f225ea4f98dda9fb	RAW	2022-06-26T14:39:17.438+00:00	2022-08-25T22:14:12.136+00:00	ftp://ftp.pride.ebi.ac.uk/pride/data/archive/2022/08/PXD034908/190329_P30184_SWATH_7-3.wiff.scan	prd_ascp@fasp.ebi.ac.uk:pride/data/archive/2022/08/PXD034908/190329_P30184_SWATH_7-3.wiff.scan
PXD034908	190329_P30184_SWATH_7B.wiff	27992064	c8c4c9432a3f00c3c6cfc809e90a1190fe1386ad	RAW	2022-06-26T14:39:17.438+00:00	2022-08-25T22:14:12.136+00:00	ftp://ftp.pride.ebi.ac.uk/pride/data/archive/2022/08/PXD034908/190329_P30184_SWATH_7B.wiff	prd_ascp@fasp.ebi.ac.uk:pride/data/archive/2022/08/PXD034908/190329_P30184_SWATH_7B.wiff
PXD034908	190329_P30184_SWATH_7B.wiff.scan	2254803688	003c0d73842a6164e52760f80aa9a16eaebfbf45	RAW	2022-06-26T14:39:17.438+00:00	2022-08-25T22:14:12.136+00:00	ftp://ftp.pride.ebi.ac.uk/pride/data/archive/2022/08/PXD034908/190329_P30184_SWATH_7B.wiff.scan	prd_ascp@fasp.ebi.ac.uk:pride/data/archive/2022/08/PXD034908/190329_P30184_SWATH_7B.wiff.scan
PXD034908	190329_P30184_SWATH_8-14.wiff	27992064	ca209282d69f4dc816c4249b95f46dd037f453e4	RAW	2022-06-26T14:39:17.438+00:00	2022-08-25T22:14:12.136+00:00	ftp://ftp.pride.ebi.ac.uk/pride/data/archive/2022/08/PXD034908/190329_P30184_SWATH_8-14.wiff	prd_ascp@fasp.ebi.ac.uk:pride/data/archive/2022/08/PXD034908/190329_P30184_SWATH_8-14.wiff
PXD034908	190329_P30184_SWATH_8-14.wiff.scan	2084076276	6f0f1ae5f94a7b4ada48c3663d38f581bc16dabe	RAW	2022-06-26T14:39:17.438+00:00	2022-08-25T22:14:12.136+00:00	ftp://ftp.pride.ebi.ac.uk/pride/data/archive/2022/08/PXD034908/190329_P30184_SWATH_8-14.wiff.scan	prd_ascp@fasp.ebi.ac.uk:pride/data/archive/2022/08/PXD034908/190329_P30184_SWATH_8-14.wiff.scan
PXD034908	190329_P30184_SWATH_8-3.wiff	27992064	76ffaff71dea08a8aa4d094572a795e37b6b2261	RAW	2022-06-26T14:39:17.438+00:00	2022-08-25T22:14:12.136+00:00	ftp://ftp.pride.ebi.ac.uk/pride/data/archive/2022/08/PXD034908/190329_P30184_SWATH_8-3.wiff	prd_ascp@fasp.ebi.ac.uk:pride/data/archive/2022/08/PXD034908/190329_P30184_SWATH_8-3.wiff
PXD034908	190329_P30184_SWATH_8-3.wiff.scan	2182455356	4ea1a31c08a640434083893db85b2ee6aacfc407	RAW	2022-06-26T14:39:17.438+00:00	2022-08-25T22:14:12.136+00:00	ftp://ftp.pride.ebi.ac.uk/pride/data/archive/2022/08/PXD034908/190329_P30184_SWATH_8-3.wiff.scan	prd_ascp@fasp.ebi.ac.uk:pride/data/archive/2022/08/PXD034908/190329_P30184_SWATH_8-3.wiff.scan
PXD034908	190329_P30184_SWATH_8B.wiff	27992064	b36b1165eb358f815f860bb0fd8a11098e310b87	RAW	2022-06-26T14:39:17.438+00:00	2022-08-25T22:14:12.136+00:00	ftp://ftp.pride.ebi.ac.uk/pride/data/archive/2022/08/PXD034908/190329_P30184_SWATH_8B.wiff	prd_ascp@fasp.ebi.ac.uk:pride/data/archive/2022/08/PXD034908/190329_P30184_SWATH_8B.wiff
PXD034908	190329_P30184_SWATH_8B.wiff.scan	2037362152	b97f5b01b30c957a46d29c30574d02a9d2e60e64	RAW	2022-06-26T14:39:17.438+00:00	2022-08-25T22:14:12.136+00:00	ftp://ftp.pride.ebi.ac.uk/pride/data/archive/2022/08/PXD034908/190329_P30184_SWATH_8B.wiff.scan	prd_ascp@fasp.ebi.ac.uk:pride/data/archive/2022/08/PXD034908/190329_P30184_SWATH_8B.wiff.scan
PXD034908	190329_P30184_SWATH_9-14.wiff	27992064	2970d361c7f5908a67b451cc971abf8e9855146a	RAW	2022-06-26T14:39:17.438+00:00	2022-08-25T22:14:12.136+00:00	ftp://ftp.pride.ebi.ac.uk/pride/data/archive/2022/08/PXD034908/190329_P30184_SWATH_9-14.wiff	prd_ascp@fasp.ebi.ac.uk:pride/data/archive/2022/08/PXD034908/190329_P30184_SWATH_9-14.wiff
PXD034908	190329_P30184_SWATH_9-14.wiff.scan	2003757360	f5e93f27913fefa410be0e6d5ece08ee78473d33	RAW	2022-06-26T14:39:17.438+00:00	2022-08-25T22:14:12.136+00:00	ftp://ftp.pride.ebi.ac.uk/pride/data/archive/2022/08/PXD034908/190329_P30184_SWATH_9-14.wiff.scan	prd_ascp@fasp.ebi.ac.uk:pride/data/archive/2022/08/PXD034908/190329_P30184_SWATH_9-14.wiff.scan
PXD034908	190329_P30184_SWATH_9-3.wiff	27992064	a7515512003f5a151c63e3fabdfa9c7dfb06b48c	RAW	2022-06-26T14:39:17.438+00:00	2022-08-25T22:14:12.136+00:00	ftp://ftp.pride.ebi.ac.uk/pride/data/archive/2022/08/PXD034908/190329_P30184_SWATH_9-3.wiff	prd_ascp@fasp.ebi.ac.uk:pride/data/archive/2022/08/PXD034908/190329_P30184_SWATH_9-3.wiff
PXD034908	190329_P30184_SWATH_9-3.wiff.scan	2277199552	07889493a1862d203f2ee78a1ca84a28eb8e2f86	RAW	2022-06-26T14:39:17.438+00:00	2022-08-25T22:14:12.136+00:00	ftp://ftp.pride.ebi.ac.uk/pride/data/archive/2022/08/PXD034908/190329_P30184_SWATH_9-3.wiff.scan	prd_ascp@fasp.ebi.ac.uk:pride/data/archive/2022/08/PXD034908/190329_P30184_SWATH_9-3.wiff.scan
PXD034908	190329_P30184_SWATH_9B.wiff	27992064	7b2032ce101e097b7db81afa04238d63ba8ff9b5	RAW	2022-06-26T14:39:17.438+00:00	2022-08-25T22:14:12.136+00:00	ftp://ftp.pride.ebi.ac.uk/pride/data/archive/2022/08/PXD034908/190329_P30184_SWATH_9B.wiff	prd_ascp@fasp.ebi.ac.uk:pride/data/archive/2022/08/PXD034908/190329_P30184_SWATH_9B.wiff
PXD034908	190329_P30184_SWATH_9B.wiff.scan	2017839020	abcb86fdaeeb66e7d5e8729da6795609b3a09223	RAW	2022-06-26T14:39:17.438+00:00	2022-08-25T22:14:12.136+00:00	ftp://ftp.pride.ebi.ac.uk/pride/data/archive/2022/08/PXD034908/190329_P30184_SWATH_9B.wiff.scan	prd_ascp@fasp.ebi.ac.uk:pride/data/archive/2022/08/PXD034908/190329_P30184_SWATH_9B.wiff.scan
PXD034908	190408_P30184_HpH-IDA_F09.group	213298640	50f9f5a0a944a751607cbed6a0d6277a72931c08	SEARCH	2022-06-26T14:39:17.438+00:00	2022-08-25T22:14:12.136+00:00	ftp://ftp.pride.ebi.ac.uk/pride/data/archive/2022/08/PXD034908/190408_P30184_HpH-IDA_F09.group	prd_ascp@fasp.ebi.ac.uk:pride/data/archive/2022/08/PXD034908/190408_P30184_HpH-IDA_F09.group
PXD034908	190408_P30184_HpH-IDA_F09.wiff	16453632	2ab3a85f60de252f49e225bcf6c298815be053ee	RAW	2022-06-26T14:39:17.438+00:00	2022-08-25T22:14:12.136+00:00	ftp://ftp.pride.ebi.ac.uk/pride/data/archive/2022/08/PXD034908/190408_P30184_HpH-IDA_F09.wiff	prd_ascp@fasp.ebi.ac.uk:pride/data/archive/2022/08/PXD034908/190408_P30184_HpH-IDA_F09.wiff
PXD034908	190408_P30184_HpH-IDA_F09.wiff.scan	708117632	6cef4cb1fc5a7b27aeecea6572fa270edded5468	RAW	2022-06-26T14:39:17.438+00:00	2022-08-25T22:14:12.136+00:00	ftp://ftp.pride.ebi.ac.uk/pride/data/archive/2022/08/PXD034908/190408_P30184_HpH-IDA_F09.wiff.scan	prd_ascp@fasp.ebi.ac.uk:pride/data/archive/2022/08/PXD034908/190408_P30184_HpH-IDA_F09.wiff.scan
PXD034908	190408_P30184_HpH-IDA_F10.group	234901403	e451486f4bc75b568bc71a671559e2cdb7cc729b	SEARCH	2022-06-26T14:39:17.438+00:00	2022-08-25T22:14:12.136+00:00	ftp://ftp.pride.ebi.ac.uk/pride/data/archive/2022/08/PXD034908/190408_P30184_HpH-IDA_F10.group	prd_ascp@fasp.ebi.ac.uk:pride/data/archive/2022/08/PXD034908/190408_P30184_HpH-IDA_F10.group
PXD034908	190408_P30184_HpH-IDA_F10.wiff	16510976	023dda97acfaabd21acbe08708f5a075dbb5e6c8	RAW	2022-06-26T14:39:17.438+00:00	2022-08-25T22:14:12.136+00:00	ftp://ftp.pride.ebi.ac.uk/pride/data/archive/2022/08/PXD034908/190408_P30184_HpH-IDA_F10.wiff	prd_ascp@fasp.ebi.ac.uk:pride/data/archive/2022/08/PXD034908/190408_P30184_HpH-IDA_F10.wiff
PXD034908	190408_P30184_HpH-IDA_F10.wiff.scan	729594196	e6e8c662ceaef1b887ddc26b39251f46ef91c5f7	RAW	2022-06-26T14:39:17.438+00:00	2022-08-25T22:14:12.136+00:00	ftp://ftp.pride.ebi.ac.uk/pride/data/archive/2022/08/PXD034908/190408_P30184_HpH-IDA_F10.wiff.scan	prd_ascp@fasp.ebi.ac.uk:pride/data/archive/2022/08/PXD034908/190408_P30184_HpH-IDA_F10.wiff.scan
PXD034908	190408_P30184_HpH-IDA_F11.group	216721340	a2c49a48974e2dda8d4933aa5057030fe50c49d4	SEARCH	2022-06-26T14:39:17.438+00:00	2022-08-25T22:14:12.136+00:00	ftp://ftp.pride.ebi.ac.uk/pride/data/archive/2022/08/PXD034908/190408_P30184_HpH-IDA_F11.group	prd_ascp@fasp.ebi.ac.uk:pride/data/archive/2022/08/PXD034908/190408_P30184_HpH-IDA_F11.group
PXD034908	190408_P30184_HpH-IDA_F11.wiff	16318464	59744b3d6c0dfd9481bd41501dde2b2ff83de5a1	RAW	2022-06-26T14:39:17.438+00:00	2022-08-25T22:14:12.136+00:00	ftp://ftp.pride.ebi.ac.uk/pride/data/archive/2022/08/PXD034908/190408_P30184_HpH-IDA_F11.wiff	prd_ascp@fasp.ebi.ac.uk:pride/data/archive/2022/08/PXD034908/190408_P30184_HpH-IDA_F11.wiff
PXD034908	190408_P30184_HpH-IDA_F11.wiff.scan	708703588	a1c7d86e5cb098f68252d46d40e5a3c55fcb86ba	RAW	2022-06-26T14:39:17.438+00:00	2022-08-25T22:14:12.136+00:00	ftp://ftp.pride.ebi.ac.uk/pride/data/archive/2022/08/PXD034908/190408_P30184_HpH-IDA_F11.wiff.scan	prd_ascp@fasp.ebi.ac.uk:pride/data/archive/2022/08/PXD034908/190408_P30184_HpH-IDA_F11.wiff.scan
PXD034908	190408_P30184_HpH-IDA_F12.group	280746315	685d4084b685355bb2fe71e74aa98bfff94e29d9	SEARCH	2022-06-26T14:39:17.438+00:00	2022-08-25T22:14:12.136+00:00	ftp://ftp.pride.ebi.ac.uk/pride/data/archive/2022/08/PXD034908/190408_P30184_HpH-IDA_F12.group	prd_ascp@fasp.ebi.ac.uk:pride/data/archive/2022/08/PXD034908/190408_P30184_HpH-IDA_F12.group
PXD034908	190408_P30184_HpH-IDA_F12.wiff	16416768	032f81be91b0c165645f9317d2a683b2c82b5c2e	RAW	2022-06-26T14:39:17.438+00:00	2022-08-25T22:14:12.136+00:00	ftp://ftp.pride.ebi.ac.uk/pride/data/archive/2022/08/PXD034908/190408_P30184_HpH-IDA_F12.wiff	prd_ascp@fasp.ebi.ac.uk:pride/data/archive/2022/08/PXD034908/190408_P30184_HpH-IDA_F12.wiff
PXD034908	190408_P30184_HpH-IDA_F12.wiff.scan	711851916	1ebf2ec3564dbc32eb0c53ff771fd6f176060a6f	RAW	2022-06-26T14:39:17.438+00:00	2022-08-25T22:14:12.136+00:00	ftp://ftp.pride.ebi.ac.uk/pride/data/archive/2022/08/PXD034908/190408_P30184_HpH-IDA_F12.wiff.scan	prd_ascp@fasp.ebi.ac.uk:pride/data/archive/2022/08/PXD034908/190408_P30184_HpH-IDA_F12.wiff.scan
PXD034908	190408_P30184_HpH-IDA_F13.group	226008736	bc2d112a248ffc81f4c8a4624357fe68406e2132	SEARCH	2022-06-26T14:39:17.438+00:00	2022-08-25T22:14:12.136+00:00	ftp://ftp.pride.ebi.ac.uk/pride/data/archive/2022/08/PXD034908/190408_P30184_HpH-IDA_F13.group	prd_ascp@fasp.ebi.ac.uk:pride/data/archive/2022/08/PXD034908/190408_P30184_HpH-IDA_F13.group
PXD034908	190408_P30184_HpH-IDA_F13.wiff	16596992	8ac3a849e3ac4c7c44abd4bfd8ecbc9db458d8d2	RAW	2022-06-26T14:39:17.438+00:00	2022-08-25T22:14:12.136+00:00	ftp://ftp.pride.ebi.ac.uk/pride/data/archive/2022/08/PXD034908/190408_P30184_HpH-IDA_F13.wiff	prd_ascp@fasp.ebi.ac.uk:pride/data/archive/2022/08/PXD034908/190408_P30184_HpH-IDA_F13.wiff
PXD034908	190408_P30184_HpH-IDA_F13.wiff.scan	717217216	88e7549a36c5cba533873a7c137075a9e0d7e8c2	RAW	2022-06-26T14:39:17.438+00:00	2022-08-25T22:14:12.136+00:00	ftp://ftp.pride.ebi.ac.uk/pride/data/archive/2022/08/PXD034908/190408_P30184_HpH-IDA_F13.wiff.scan	prd_ascp@fasp.ebi.ac.uk:pride/data/archive/2022/08/PXD034908/190408_P30184_HpH-IDA_F13.wiff.scan
PXD034908	190408_P30184_HpH-IDA_F14.group	281864612	c2d0fb350e8d5f487a1c61d5bc808644d7fe2938	SEARCH	2022-06-26T14:39:17.438+00:00	2022-08-25T22:14:12.136+00:00	ftp://ftp.pride.ebi.ac.uk/pride/data/archive/2022/08/PXD034908/190408_P30184_HpH-IDA_F14.group	prd_ascp@fasp.ebi.ac.uk:pride/data/archive/2022/08/PXD034908/190408_P30184_HpH-IDA_F14.group
PXD034908	190408_P30184_HpH-IDA_F14.wiff	16920576	acec5f345264840d3e71414023bcb354e088025b	RAW	2022-06-26T14:39:17.438+00:00	2022-08-25T22:14:12.136+00:00	ftp://ftp.pride.ebi.ac.uk/pride/data/archive/2022/08/PXD034908/190408_P30184_HpH-IDA_F14.wiff	prd_ascp@fasp.ebi.ac.uk:pride/data/archive/2022/08/PXD034908/190408_P30184_HpH-IDA_F14.wiff
PXD034908	190408_P30184_HpH-IDA_F14.wiff.scan	710239868	58d81c611a3e01b47f0b9cf32b3b06c0736fbd12	RAW	2022-06-26T14:39:17.438+00:00	2022-08-25T22:14:12.136+00:00	ftp://ftp.pride.ebi.ac.uk/pride/data/archive/2022/08/PXD034908/190408_P30184_HpH-IDA_F14.wiff.scan	prd_ascp@fasp.ebi.ac.uk:pride/data/archive/2022/08/PXD034908/190408_P30184_HpH-IDA_F14.wiff.scan
PXD034908	190408_P30184_HpH-IDA_F15.group	235016769	bcc087761dd0bd84fe3af800cb90f9fc05b41a8b	SEARCH	2022-06-26T14:39:17.438+00:00	2022-08-25T22:14:12.136+00:00	ftp://ftp.pride.ebi.ac.uk/pride/data/archive/2022/08/PXD034908/190408_P30184_HpH-IDA_F15.group	prd_ascp@fasp.ebi.ac.uk:pride/data/archive/2022/08/PXD034908/190408_P30184_HpH-IDA_F15.group
PXD034908	190408_P30184_HpH-IDA_F15.wiff	17076224	00df5147bcee4aa2e9431bd9f7c61192e797c29d	RAW	2022-06-26T14:39:17.438+00:00	2022-08-25T22:14:12.136+00:00	ftp://ftp.pride.ebi.ac.uk/pride/data/archive/2022/08/PXD034908/190408_P30184_HpH-IDA_F15.wiff	prd_ascp@fasp.ebi.ac.uk:pride/data/archive/2022/08/PXD034908/190408_P30184_HpH-IDA_F15.wiff
PXD034908	190408_P30184_HpH-IDA_F15.wiff.scan	680994292	5238b3fd8da79dc5dd8d4c2482a925d064ea627f	RAW	2022-06-26T14:39:17.438+00:00	2022-08-25T22:14:12.136+00:00	ftp://ftp.pride.ebi.ac.uk/pride/data/archive/2022/08/PXD034908/190408_P30184_HpH-IDA_F15.wiff.scan	prd_ascp@fasp.ebi.ac.uk:pride/data/archive/2022/08/PXD034908/190408_P30184_HpH-IDA_F15.wiff.scan
PXD034908	mergedLib_SwathXtend2.4.txt	200911842	b7aa70ceec4a0e6c362e4a302957d7777243410e	OTHER	2022-06-26T14:39:17.438+00:00	2022-08-25T22:14:12.136+00:00	ftp://ftp.pride.ebi.ac.uk/pride/data/archive/2022/08/PXD034908/mergedLib_SwathXtend2.4.txt	prd_ascp@fasp.ebi.ac.uk:pride/data/archive/2022/08/PXD034908/mergedLib_SwathXtend2.4.txt
PXD034908	P30184_Results_time_FC_1.2.xlsx	2388648	c6ae2154596da0441fb0262ac4a6f3a86bf8eb6f	OTHER	2022-06-26T14:39:17.438+00:00	2022-08-25T22:14:12.136+00:00	ftp://ftp.pride.ebi.ac.uk/pride/data/archive/2022/08/PXD034908/P30184_Results_time_FC_1.2.xlsx	prd_ascp@fasp.ebi.ac.uk:pride/data/archive/2022/08/PXD034908/P30184_Results_time_FC_1.2.xlsx
PXD034908	P30184_SWATH.xlsx	176046778	5735fe78431e2e9cca03feca422a9c4dccbfec8b	SEARCH	2022-06-26T14:39:17.438+00:00	2022-08-25T22:14:12.136+00:00	ftp://ftp.pride.ebi.ac.uk/pride/data/archive/2022/08/PXD034908/P30184_SWATH.xlsx	prd_ascp@fasp.ebi.ac.uk:pride/data/archive/2022/08/PXD034908/P30184_SWATH.xlsx
